query,label
br-28 chal calorie,food_fact
পলাও চালের পুষ্টি,food_fact
suvondhi vater calorie koto,food_fact
khichuri er পুষ্টি,food_fact
mudi calorie,food_fact
লাল চালের ভাত ক্যালোরি কত,food_fact
chira khabarer calorie,food_fact
ruti r calories,food_fact
brown rice nutrition value,food_fact
লাল চালের ভাতের পুষ্টিগুণ কি?,food_fact
koto calorie in red rice,food_fact
খই এর ক্যালোরি কত,food_fact
sugondhi bhat calorie,food_fact
bhat e koto protin,food_fact
ভাতে কি পরিমাণ কার্বোহাইড্রেট থাকে?,food_fact
খই ক্যালোরি,food_fact
koto calorie in 1 ruti,food_fact
মুড়িতে কত ক্যালোরি আছে?,food_fact
nutritional value of ruti,food_fact
koto calorie ase ek cup sada bhat,food_fact
এক কাপ মুড়ির ক্যালোরি,food_fact
boiled rice without salt calories,food_fact
how much protein in atta ruti,food_fact
ছোলা খিচুড়ি ক্যালোরি,food_fact
খিচুড়ির পুষ্টিগুণ,food_fact
পোলাও চালের ক্যালোরি,food_fact
সাদা ভাতের ক্যালোরি কত,food_fact
ruti calorie count,food_fact
aromatic rice calorie,food_fact
boiled brown rice nutrition facts,food_fact
১ কাপ সাদা ভাতে কত ক্যালোরি আছে?,food_fact
koto calorie in Plain khichuri,food_fact
Plain khichuri calories,food_fact
khichuri te koto calorie,food_fact
brown rice boiled calorie,food_fact
চিড়ার পুষ্টি,food_fact
brown rice calorie count,food_fact
chira er calorie koto,food_fact
কিভাবে ছীরা বানায় আর চিড়া তে কত ক্যালরি,food_fact
atop chal calorie,food_fact
Plain pulao calorie count,food_fact
এক বাটি খিচুড়ি ক্যালোরি,food_fact
nutritional value of white rice,food_fact
সাদা ভাতে কত ক্যালোরি আছে,food_fact
ruti er পুষ্টিগুণ,food_fact
pulao nutrition,food_fact
atta roti carbohydrate,food_fact
puffed rice nutrition facts,food_fact
khoy calorie count,food_fact
র রুটি তে কত ক্যালোরি আছে,food_fact
শুকনা চিড়ার ক্যালরি,food_fact
চিড়ার পুষ্টিগুণ,food_fact
muri khabar calorie,food_fact
bhaater calorie,food_fact
রূটিতে কত ক্যালোরি থাকে,food_fact
মুরি তে কি কার্বোহাইড্রেট আছে,food_fact
sugar in muri,food_fact
nutritional facts of chira,food_fact
calories in Plain pulao,food_fact
khichuri er pushti gun,food_fact
লাল চালের ভাতের প্রোটিন কত,food_fact
ruti fat content,food_fact
আতপ চালের পুষ্টি উপাদান,food_fact
boiled rice fat content,food_fact
cheera calories,food_fact
soaked chira nutrition,food_fact
br-28 chal nutrition,food_fact
sada bhat carb,food_fact
রূটি এর ক্যালোরি,food_fact
muri er calorie count,food_fact
boiled brown rice calories,food_fact
khichori khabar calorie,food_fact
পোলাও চালের ক্যালোরি কত,food_fact
atta ruti calorie info,food_fact
ব্রু-২৮ ভাতের ক্যালোরি,food_fact
plain pulao calories,food_fact
how much protein in ruti,food_fact
আতার চালের পুষ্টি কেমন,food_fact
khichuri calories per serving,food_fact
sada bhat nutrition facts,food_fact
আতপ চালের পুষ্টি তথ্য,food_fact
আরমাটিক রাইস ক্যালোরি,food_fact
calories in white rice,food_fact
calories in plain pulao,food_fact
রুতি এর কার্ব কত,food_fact
chal nutrition facts,food_fact
ভাত এর প্রোটিন কত,food_fact
soaked chira calories,food_fact
lal bhat nutrition,food_fact
nutritional info for plain khichuri,food_fact
সাদা ভাত ক্যালোরি,food_fact
পোলাও চালের ফ্যাট কত,food_fact
khichuri nutrition,food_fact
সুগন্ধি চালের ক্যালোরি,food_fact
nutritional value of aromatic rice,food_fact
আটপ চালের ক্যালোরি,food_fact
pulao er calorie koto,food_fact
muri er pushti gun,food_fact
flattened rice nutrition,food_fact
ভাত এ কত ক্যালোরি ভাইয়া,food_fact
পলাও চালের ক্যালোরি,food_fact
আতোপ ভাতের কার্বোহাইড্রেট কত,food_fact
এক প্লেট খিচুড়িতে কত ক্যালোরি?,food_fact
পলাও এর ক্যালোরি,food_fact
সাদা ভাতের ক্যালোরি,food_fact
সুগন্ধি চালে ক্যালোরি কত?,food_fact
calories in boiled rice without salt,food_fact
veja chira er calorie,food_fact
ruti nutrition,food_fact
kichuri calorie count,food_fact
বিনা লবণে সিদ্ধ ভাতের ক্যালোরি,food_fact
সুগন্ধি ভাত ক্যালোরি,food_fact
khoi calorie count,food_fact
ruti te koto calorie ase,food_fact
bhaat er pushti,food_fact
cheera nutrition value,food_fact
আতপ চালের ক্যালোরি,food_fact
atta ruti nutrition info,food_fact
সাদা ভাতে কত ক্যালোরি,food_fact
আতপ চালের ভাত পুষ্টি,food_fact
nutritional info for ruti,food_fact
খই এর পুষ্টিগুণ কি?,food_fact
khichuri er calorie koto,food_fact
roti er calorie,food_fact
kichuri nutrition info,food_fact
br28 chal calorie koto,food_fact
পুলাও চাল ক্যালোরি কত,food_fact
আতপ চালের ভাত ক্যালোরি,food_fact
nutritional value of boiled rice,food_fact
Plain khichuri protein count,food_fact
white rice calories,food_fact
আতপ ভাতে কি পরিমাণ কার্বোহাইড্রেট থাকে,food_fact
chaal calorie info,food_fact
পোলার চাল ক্যালোরি,food_fact
calories in boiled rice,food_fact
sugondhi bhat nutrition facts,food_fact
sada bhat e koto gram protein ache,food_fact
nutritional value of puffed rice,food_fact
boiled rice protein,food_fact
How many calories in Plain pulao,food_fact
সুগন্ধি চালের ক্যালরি,food_fact
লাল চালের ভাত পুষ্টিগুণ,food_fact
koto calorie in sada bhat,food_fact
nutritional value of flattened rice,food_fact
পোলার পুষ্টিগুণ,food_fact
ভাত এর ফ্যাট কত,food_fact
খই এর ক্যালোরি কত?,food_fact
bhaat er calorie koto,food_fact
রূটি তে কত প্রোটিন থাকে?,food_fact
kichuri nutrition,food_fact
mudi er calorie,food_fact
brown rice er calorie koto,food_fact
চাল সিদ্ধ করলে ক্যালোরি বাড়ে নাকি কমে?,food_fact
muri nutrition,food_fact
koto calorie in ruti,food_fact
boiled rice calories,food_fact
soaked chira calorie,food_fact
cheera calorie,food_fact
brown rice er calorie,food_fact
bhija chira calorie,food_fact
protein in brown rice,food_fact
বিনের ফ্যাট কত,food_fact
parboiled rice calorie,food_fact
bhaat calorie,food_fact
চিড়ার ফ্যাট কত,food_fact
শুকনা মুড়ির ক্যালোরি,food_fact
veja chira er calories,food_fact
চালের পুষ্টিগুণ,food_fact
chal er calorie,food_fact
soak chira nutrition,food_fact
সাদা ভাতে কত ক্যালোরি আছে?,food_fact
লাল চালের ভাত কেমন উপকারী?,food_fact
veja chira nutrition,food_fact
puffed rice er calorie,food_fact
cooked bhat nutrition,food_fact
khichuri er calorie,food_fact
১ কাপ সুগন্ধি ভাতে কত ক্যালোরি,food_fact
chirom nutrition value,food_fact
khoy calorie,food_fact
ruti calories,food_fact
চিড়ায় কত ক্যালোরি আছে?,food_fact
bhat er calorie koto,food_fact
koto calorie ase ekta ruti te,food_fact
bhaat er calorie,food_fact
plain pulao nutrition info,food_fact
pulao calorie,food_fact
nutritional value of khichuri,food_fact
red rice nutrition,food_fact
nutritional value of bhat,food_fact
ruti calorie check,food_fact
BR-28 চালের ক্যালোরি,food_fact
khichdi nutrition facts,food_fact
পোলাও এর ক্যালোরি কত,food_fact
attar ruti calorie,food_fact
chaal er calorie,food_fact
koto calorie in khichuri,food_fact
calorie in 1 cup br 28 bhat,food_fact
bhat e carbohydrate koto,food_fact
পোলাও এর পুষ্টিগুণ,food_fact
koto calorie in 1 cup polao,food_fact
muri er calorie koto,food_fact
cal in chira,food_fact
muri er pushti,food_fact
cooked brown rice calories,food_fact
আতর চালের ভাতে কত গ্রাম ফ্যাট থাকে?,food_fact
polao chal calorie,food_fact
bhat e koto calorie,food_fact
chal er calorie koto,food_fact
lal bhat protin,food_fact
muri nutrition value,food_fact
khichdi calorie count,food_fact
white rice calories per cup,food_fact
লাল চালের ভাত প্রোটিন,food_fact
koto calorie in bodi,food_fact
protein in ruti,food_fact
sada bhat er calorie,food_fact
bhaat e koto calorie thake,food_fact
brown rice protein content,food_fact
bhija chira nutrition,food_fact
bhaat e carbohydrate koto,food_fact
bhat er protin,food_fact
muri calories,food_fact
বিনা লবণে সেদ্ধ ভাত ক্যালোরি,food_fact
cal in sada bhat,food_fact
How many calories in BR-28 boiled rice,food_fact
ভাতের পুষ্টিগুণ কি,food_fact
veja chira calorie,food_fact
ভেজা চিড়ার ক্যালোরি কত,food_fact
সোমনা ভাত ক্যালোরি,food_fact
kichuri nutrition facts,food_fact
সুগন্ধি ভাতে কি পরিমাণ শর্করা আছে?,food_fact
muri te koto calorie ase,food_fact
lal bhat e koto protein,food_fact
nutritional value of sada bhat,food_fact
calorri in ruti,food_fact
লাল চালের ভাতে ফাইবার কতটুকু?,food_fact
atop bhat e koto calorie,food_fact
আটা রুটি পুষ্টিমান,food_fact
white rice boiled calories,food_fact
পোলার ক্যালোরি কত?,food_fact
আটপ ভাতের প্রোটিন,food_fact
সাদা ভাতে ফ্যাট কতটুকু থাকে?,food_fact
how many calories in white rice,food_fact
chira fat content,food_fact
br28 bhat calorie,food_fact
atta ruti calories,food_fact
সুগন্ধি ভাতে কত প্রোটিন আছে,food_fact
কিভাবে ১ কাপ রুটি মাপবো আর ক্যালোরি কত?,food_fact
bhat er carbohydrate koto,food_fact
khichuri te koto calorie thake,food_fact
রূটি ক্যালোরি,food_fact
লাল চালে কত প্রোটিন আছে,food_fact
শাদা ভাতে কি প্রোটিন আছে?,food_fact
সাদা ভাতের পুষ্টিগুণ,food_fact
how many calories in puffed rice,food_fact
লাল চালের ভাতের পুষ্টি কি কি,food_fact
সাদা ভাতের প্রোটিন,food_fact
ruti te ki protin ache,food_fact
Plain pulao nutrition facts,food_fact
boiled rice calorie,food_fact
খিচুড়িতে কি ফ্যাট বেশি থাকে?,food_fact
lal bhat calorie,food_fact
calories in a ruti,food_fact
calories in polao,food_fact
sada bhat nutrition,food_fact
লাল চালের ভাতের পুষ্টিগুণ,food_fact
brown rice e ki fiber ache,food_fact
লাল চালের ভাত calorie,food_fact
পলাও চাল পুষ্টিগুণ,food_fact
রুতি তে ক্যালোরি কত আছে,food_fact
লাল চালের ভাত ক্যালোরি,food_fact
lal chal er calorie,food_fact
br28 bhat e ki ki pushti thake,food_fact
পোলাও এর ক্যালোরি হিসাব,food_fact
chira calorie,food_fact
br 28 chal er calorie,food_fact
veja chira nutrition info,food_fact
রূটির পুষ্টিগুণ,food_fact
roti er protein,food_fact
sugondhi bhat protein,food_fact
aromatic rice boiled calories,food_fact
ভিজা চিড়া ক্যালরি,food_fact
পলাও চাল পুষ্টি,food_fact
sugondhi bhat er calorie,food_fact
brown rice calorie,food_fact
লাল চালে কত ক্যালোরি?,food_fact
পোলাও চাল প্রোটিন,food_fact
nutritional value of chal,food_fact
muri te koto calorie,food_fact
বাজে ভাত ক্যালোরি কত,food_fact
aromatic rice calories,food_fact
খই এর প্রোটিন,food_fact
boiled rice er calorie,food_fact
nutritional breakdown of ruti,food_fact
chira protein,food_fact
আতপ চালের পুষ্টিগুণ,food_fact
ruti r pushti,food_fact
কত ক্যালোরি আছে মুড়িতে?,food_fact
আতপ ভাতের ক্যালোরি কত,food_fact
ভাত এর কার্বোহাইড্রেট,food_fact
atta ruti nutrition facts,food_fact
Plain pulao nutritional value,food_fact
ভাত এর পুষ্টি,food_fact
রুতি ক্যালোরি,food_fact
খইয়ের ক্যালোরি কত,food_fact
roti calories,food_fact
boiled rice er calorie koto,food_fact
খই এর পুষ্টিগুণ,food_fact
আটপ চালের প্রোটিন,food_fact
"How much protein is in BR-28, boiled rice?",food_fact
আতপ ভাতের ফ্যাট,food_fact
sada bhat calorie,food_fact
nutritional facts of atta ruti,food_fact
BR-28 সিদ্ধ চালের ক্যালোরি,food_fact
সুগন্ধি চালে কত ক্যালোরি,food_fact
cheera calorie info,food_fact
পুঁয়া চালের ভাত প্রোটিন,food_fact
calories in one ruti,food_fact
lal bhat er calorie,food_fact
bhat er carbohydrate,food_fact
bhat er calorie,food_fact
calories in boiled rice BR-28,food_fact
চাল এর পুষ্টিগুণ কি কি,food_fact
calorie count for atta ruti,food_fact
cheera nutrition info,food_fact
veja chira calories,food_fact
puffed rice calorie,food_fact
বিনের পুষ্টি উপাদান,food_fact
br28 rice er calorie,food_fact
খই এর পুষ্টি উপাদান,food_fact
মুড়ির পুষ্টিমান,food_fact
পোলাও চালের পুষ্টি মান,food_fact
sugondhi bhat nutrition,food_fact
সাদা চালের প্রোটিন,food_fact
আটপ ভাত ক্যালোরি,food_fact
আতপ ভাত পুষ্টি,food_fact
pova chira calorie,food_fact
polao chal er calorie,food_fact
chal nutrition,food_fact
পলাও ক্যালোরি,food_fact
সাদা ভাতে প্রোটিন কতটুকু,food_fact
Plain khichuri nutritional value,food_fact
nutritional facts of parboiled rice,food_fact
aromatic rice nutrition facts,food_fact
puffed rice nutrition,food_fact
বামের ভাতে কত ক্যালোরি?,food_fact
sada bhat vs sugondhi bhat calories,food_compare
Bhat vs Ruti,food_compare
bhat vs polao calories,food_compare
"খিচুড়ি নাকি পোলাও, কোনটা খেলে বেশি ওজন বাড়ে?",food_compare
chal r bhat er modhye calorie koto besi?,food_compare
Plain pulao vs Plain khichuri carbs,food_compare
Which is healthier: chira or ruti?,food_compare
veja chira vs chira koto calories,food_compare
Plain pulao vs Plain khichuri weight gain,food_compare
muri vs khoi comparison,food_compare
chal vs atta ruti weight loss difference,food_compare
"চিড়া বনাম মুড়ি, কোনটা সকালের নাস্তায় ভালো?",food_compare
Plain pulao vs Plain khichuri sodium,food_compare
ruti ar muri koto calorie?,food_compare
aromatic rice vs normal rice calories,food_compare
Brown rice vs white rice protein difference,food_compare
Plain khichuri vs polao,food_compare
puffed rice vs popped rice,food_compare
khichuri ar bhat calorie difference,food_compare
মুড়ি আর খইয়ের মধ্যে ক্যালোরি কার বেশি?,food_compare
brown rice vs aromatic rice carbs,food_compare
bhat vs chal calorie tulona,food_compare
সাদা ভাত আর লাল চালের ভাত,food_compare
ruti r khichuri koto calorie,food_compare
Plain khichuri vs Plain pulao protin,food_compare
Sugondhi bhat vs Khichuri,food_compare
Plain pulao vs Plain khichuri fiber,food_compare
sada bhat vs muri,food_compare
Plain khichuri vs Atop bhat,food_compare
Atop bhat vs sada bhat fiber,food_compare
sugondhi bhat vs khichuri,food_compare
সাদা ভাত আর খিজুরি (খিচুড়ি) ক্যালরি,food_compare
muri vs khoi,food_compare
"লাল চালের ভাত বনাম সাদা ভাত, কোনটায় ফাইবার বেশি?",food_compare
Plain khichuri vs Ruti,food_compare
muri vs khoi which has more fiber,food_compare
চাল বনাম মুড়ি ক্যালরি তুলনা,food_compare
"রুতি নাকি চাল, কোনটা খাইলে ওজন বাড়ে?",food_compare
"আতপ ভাত আর লাল চালের ভাত, কোনটা ভালো?",food_compare
চিড়া বনাম ভেজা চিড়া,food_compare
muri vs khoi comparison for diet,food_compare
sada bhat r sugondhi bhat,food_compare
muri vs khoi which is better,food_compare
Cheera vs Lal bhat,food_compare
Muri vs Khoi,food_compare
চাল বনাম সাদা ভাত,food_compare
brown rice vs white rice fiber difference,food_compare
Plain pulao vs Ruti starch,food_compare
muri vs chira weight gain,food_compare
ruti vs khoi,food_compare
chaal vs chal ruti comparison,food_compare
sada bhat vs chal koto calorie difference,food_compare
Plain khichuri vs Plain pulao which is healthier,food_compare
Atop bhat vs sada bhat,food_compare
আতোপ চাল নাকি পোলাও চাল,food_compare
chal r ruti er modhye protein kemon?,food_compare
muri r ruti er modhye konta valo,food_compare
Ruti vs Polao,food_compare
লাল চালের ভাত নাকি আতোপ ভাত,food_compare
Chal vs Bhat calories,food_compare
muri vs veja chira,food_compare
লাল চালের ভাত বনাম সাদা ভাত ক্যালরি তুলনামূলক পার্থক্য বলবেন?,food_compare
"পোলাও নাকি খিচুড়ি, কোনটায় তেল কম থাকে?",food_compare
Chal vs Atop bhat calories,food_compare
Plain khichuri vs ruti,food_compare
Plain pulao vs Plain khichuri glycemic index,food_compare
Ruti vs Atop bhat,food_compare
khoi r muri te ki shob shomoy eki calorie thake?,food_compare
"লাল চালের ভাত নাকি সাদা ভাত, ওজন কমানোর জন্য কোনটা খাবো?",food_compare
"ভিজা চিড়া আর শুকনো চিড়া, ক্যালরি কত?",food_compare
sada bhat r aroti calorie difference,food_compare
popped rice vs flattened rice,food_compare
চিড়া বনাম মুড়ি ক্যালরি তুলনা করো,food_compare
Plain khichuri vs Ruti calorie comparison,food_compare
Lal chal vs Sada bhat,food_compare
brown rice vs sada bhat,food_compare
Plain pulao vs Plain khichuri health,food_compare
ruti vs chal,food_compare
Polao vs Ruti calorie check,food_compare
Atop bhat vs Chal,food_compare
Plain khichuri vs Ruti nutrition,food_compare
Plain pulao vs Plain khichuri fat content,food_compare
muri vs chira diet comparison,food_compare
Plain khichuri vs Ruti protein,food_compare
chira vs veja chira,food_compare
lal chal vs atop bhat,food_compare
Polao vs khichuri fat content,food_compare
Plain khichuri vs Plain pulao glycemic index,food_compare
khoi vs muri calories,food_compare
লাল চালের ভাত আর পোলাও ক্যালরি তুলনা,food_compare
Muri vs Khoi: which is better for evening snacks?,food_compare
bhat vs soaked chira,food_compare
cheera vs muri which is better for weight loss,food_compare
Plain pulao vs sada bhat calories,food_compare
sada bhat naki lal bhat,food_compare
Is brown rice better than white rice for weight loss?,food_compare
"খই নাকি মুড়ি, কোনটায় সুগার বেশি?",food_compare
chira vs khoi calorie,food_compare
cheera ar muri carbohydrate difference,food_compare
ruti vs sada bhat glycemic index,food_compare
Plain pulao vs Ruti digestion time,food_compare
Chal vs Muri,food_compare
chira ar muri te kar carbs besi?,food_compare
রূটি নাকি চালের রুটি ক্যালরি পার্থক্য,food_compare
Plain khichuri vs Plain pulao nutrition,food_compare
Sugondhi bhat vs Ruti,food_compare
sughondhi bhat vs polao,food_compare
Plain pulao vs Plain khichuri calories,food_compare
"Plain pulao vs Plain khichuri, which one is heavier?",food_compare
polao vs khichuri fat content,food_compare
Plain khichuri vs Plain pulao protein,food_compare
Plain pulao vs brown rice,food_compare
Plain khichuri vs Ruti comparison,food_compare
Plain khichuri vs Plain pulao fat,food_compare
sughondhi bhat vs sada bhat calories,food_compare
chal ruti vs atta ruti nutrition,food_compare
Can I eat polao instead of bhat for diet?,food_compare
chiura ar bhat er tafaat,food_compare
white rice vs brown rice fiber amount,food_compare
lal bhat vs brown rice,food_compare
sada bhat vs flattened rice,food_compare
"What is better for diabetes, brown rice or ruti?",food_compare
Plain khichuri vs Plain pulao digestion,food_compare
veja chira vs muri calorie count,food_compare
Muri vs Khoi glycemic index,food_compare
bhat r biriyani (treat as polao) difference,food_compare
Plain khichuri vs sugondhi bhat,food_compare
bhat r khichuri,food_compare
Plain pulao r Ruti calorie count,food_compare
bhat r ruti er modhye carbohydrate beshi kontay?,food_compare
"লাল চালের ভাত নাকি সাধারণ ভাত, ফাইবারের পরিমাণ কেমন?",food_compare
Plain khichuri vs sada bhat,food_compare
sada bhat vs chal,food_compare
"Plain khichuri vs Ruti, which is better for diabetes?",food_compare
sada bhat vs sugondhi bhat,food_compare
Plain pulao vs Ruti diet plan,food_compare
"পোলাও নাকি সাদা ভাত, মেদ কি দুটাতে সমান বাড়ে?",food_compare
Atop bhat vs red rice,food_compare
brown rice vs white rice glycemic index,food_compare
khichuri vs polao weight loss,food_compare
Plain khichuri vs Sugondhi bhat,food_compare
veja chira r chira er modhye protein beshi kontay?,food_compare
attar ruti vs sada bhat,food_compare
khichuri vs sada bhat kake bole healthy?,food_compare
bhat vs chal calorie difference,food_compare
veja chira vs chira nutrition,food_compare
sada bhat vs polao weight loss,food_compare
lal chal vs BR-28 rice calories,food_compare
Which has more fiber: red rice or white rice?,food_compare
লাল চালের ভাত বনাম পোলাও,food_compare
Flattened rice vs puffed rice,food_compare
sada bhat vs chira,food_compare
lal chal er bhat r sada bhat ki ekoi calorie?,food_compare
"সাদা ভাত নাকি সুগন্ধি ভাত, ওজন বাড়াতে কোনটা ভালো?",food_compare
khichuri vs ruti calories,food_compare
খই আর মুড়ির তফাত কী?,food_compare
atop bhat r lal bhat er carbohydrate tulona,food_compare
Are rice flakes better than puffed rice?,food_compare
ruti naki khichuri weight loss er jonno valo?,food_compare
atop bhat vs sada bhat calories,food_compare
puffed rice vs flattened rice nutrition,food_compare
Plain pulao vs Plain khichuri benefits,food_compare
সুগন্ধি ভাত বনাম সাধারণ ভাত,food_compare
sughondhi bhat vs sada bhat,food_compare
আতপ ভাত আর সুগন্ধি ভাত,food_compare
"সাদা ভাত বনাম আতপ ভাত, কোনটায় শর্করা বেশি?",food_compare
muri r khoi er modhye protein kiser beshi,food_compare
sada bhat r chal er calorie,food_compare
Plain pulao vs sada bhat calorie difference,food_compare
ruti vs bhat which is better for weight loss,food_compare
bhat ar ruti er modhye kon tay calorie besi,food_compare
Chal vs Sugondhi bhat,food_compare
sugondhi bhat vs rice,food_compare
সাদা ভাত আর লাল চালের ভাতের মধ্যে প্রোটিন বেশি কোনটাতে?,food_compare
chiura vs muri calories,food_compare
muri vs chira glycemic index,food_compare
"Plain pulao vs Ruti, which fills the stomach longer?",food_compare
puffed rice vs popped rice calories,food_compare
ruti r muri er calorie,food_compare
lal rice vs white rice,food_compare
bhat r chal er modhye ki tafaat,food_compare
"Which has more protein, ruti or bhat?",food_compare
পোলাও আর খিচুড়ির মধ্যে পুষ্টির তফাৎ কী?,food_compare
bhija chira vs muri,food_compare
"খিচুড়ি নাকি পোলাও, ডায়েটের জন্য কোনটা ভালো?",food_compare
sada bhat vs lal chal er bhat carbs,food_compare
bhat naki ruti kon ta pet bhorai besi?,food_compare
Plain pulao vs Ruti calorie check,food_compare
puffed rice vs flattened rice,food_compare
veja chira vs chira calorie count,food_compare
Plain khichuri vs Plain pulao minerals,food_compare
ruti ar khichuri er modhye carbohydrate kothay beshi?,food_compare
Atop bhat r sugondhi bhat er carbohydrate tulfona,food_compare
chal ar chal er bhat,food_compare
Atop bhat vs lal chal,food_compare
chal r ruti comparison,food_compare
ruti vs lal bhat,food_compare
Ruti r Plain pulao fiber comparison,food_compare
লাল চালের ভাত vs আতপ ভাত,food_compare
sada bhat vs khichuri,food_compare
Lal bhat vs Ruti,food_compare
atta ruti vs rice nutritional value,food_compare
chal vs chal er bhat calorie difference,food_compare
sada bhat vs khoi,food_compare
atop bhat vs sada bhat,food_compare
sada bhat vs lal bhat carbs,food_compare
vejachira r sukna chira koto calorie?,food_compare
ruti vs atta ruti,food_compare
chal r ruti calorie difference,food_compare
attar ruti r sada bhat,food_compare
Plain pulao r Plain khichuri er protein koto?,food_compare
atob bhat vs polao chal,food_compare
Atop bhat vs Plain pulao,food_compare
Plain pulao vs Ruti health benefits,food_compare
Plain khichuri r Ruti er modhye difference ki?,food_compare
Plain pulao r Plain khichuri er modhye kothay calorie beshi?,food_compare
Is atta ruti lower in calories than boiled rice?,food_compare
bhat vs ruti carbohydrate comparison,food_compare
"লাল চালের ভাত নাকি পোলাও, কোনটা ভারী?",food_compare
ruti r sada bhat ki ekoi vabe energy dey?,food_compare
sugondhi bhat vs lal chal,food_compare
chal vs lal chal,food_compare
Khichuri vs Sada bhat carbs,food_compare
ruti vs bhat calorie difference,food_compare
chal vs bhat calorie,food_compare
atta ruti vs sada bhat,food_compare
khichuri r polao er modhye calorie kothay beshi?,food_compare
ভেজা চিড়া বনাম খই,food_compare
Ruti vs Plain pulao,food_compare
"Plain pulao vs Plain khichuri, which has more fat?",food_compare
Ruti r Plain khichuri er protein tulona,food_compare
Plain pulao vs sugondhi bhat,food_compare
"পোলাও নাকি রুটি, কোনটা খেলে ওজন বাড়ে?",food_compare
atob bhat vs lal chal,food_compare
atta ruti vs red rice,food_compare
lal chal vs white rice glycemic index,food_compare
Plain pulao vs Atop bhat,food_compare
sada bhat vs lal bhat,food_compare
sugondhi bhat vs sada bhat,food_compare
Plain khichuri vs Plain pulao vitamin content,food_compare
lal bhat vs white rice,food_compare
Khichuri vs Ruti nutrition,food_compare
Brown rice vs white boiled rice,food_compare
রূটি নাকি মুড়ি কোনটা সকালের নাস্তায় ভালো?,food_compare
lal bhat vs sugondhi bhat,food_compare
Polao vs Khichuri which is heavier?,food_compare
lal chal vs sada bhat,food_compare
Plain pulao vs Rice,food_compare
muri vs soaked chira,food_compare
আতেপ ভাত নাকি সেদ্ধ ভাত ভালো?,food_compare
veja chira vs muri,food_compare
Atop bhat vs sugondhi bhat,food_compare
ruti vs chira,food_compare
Plain pulao vs Plain khichuri vitamins,food_compare
khoi vs puffed rice,food_compare
lal chal vs sada bhat nutrition,food_compare
Plain pulao vs Ruti nutrition facts,food_compare
Plain khichuri vs Plain pulao,food_compare
muri vs chira,food_compare
Muri vs Chira,food_compare
Plain khichuri vs Plain pulao micronutrients,food_compare
popped rice vs puffed rice,food_compare
আত্তার রুটি আর ভাতের মধ্যে কি পার্থক্য?,food_compare
সাদা ভাত বনাম সুগন্ধি ভাত ক্যালরি তুলনা,food_compare
"muri naki khoi, weight loss e konta valo?",food_compare
আতপ ভাত বনাম লাল চালের ভাত,food_compare
atta ruti vs brown rice,food_compare
Plain khichuri vs Plain pulao weight loss,food_compare
ruti vs polao,food_compare
chal vs ruti for diabetic patient,food_compare
lal bhat vs sugondhi bhat calories,food_compare
muri r chira koto calorie?,food_compare
chiura vs muri koto calories,food_compare
sada bhat vs polao chal,food_compare
brown rice vs aromatic rice,food_compare
Plain pulao vs Plain khichuri carbs difference,food_compare
atta ruti vs rice carb count,food_compare
Plain khichuri vs Plain pulao calories,food_compare
আতপ ভাত আর লাল চালের ভাত তুলনা,food_compare
Plain pulao vs Ruti weight loss,food_compare
bhat vs sugondhi bhat calorie comparison,food_compare
khichuri vs bhat calorie count,food_compare
Plain khichuri vs Plain pulao overview,food_compare
cheera vs muri,food_compare
Cheera vs Sada bhat,food_compare
"Plain khichuri vs ruti, which is better for dinner?",food_compare
Atop bhat vs Sugondhi bhat,food_compare
ruti r pofeed rice comparison,food_compare
Plain khichuri vs Plain pulao carbs,food_compare
Atop rice vs brown rice,food_compare
Ruti vs Khichuri,food_compare
Plain pulao vs Ruti,food_compare
ruti vs sada bhat carbohydrate,food_compare
Ruti vs Chal,food_compare
brown rice vs atob bhat,food_compare
ruti r muri er modhye calorie koto?,food_compare
খিচুড়ি নাকি সাদা ভাত কার্বোহাইড্রেট,food_compare
পলাও আর সাদা ভাত কোনটায় ফ্যাট বেশি?,food_compare
Brown rice vs plain khichuri,food_compare
muri vs cheera calories,food_compare
veja chira vs dry chira calories,food_compare
Lal chal vs Khichuri,food_compare
khichuri vs ruti,food_compare
puffed rice vs chira,food_compare
ruti r chira calorie,food_compare
Plain pulao r Ruti keta bhalo?,food_compare
lal chal vs polao,food_compare
Plain pulao vs Plain khichuri sugar,food_compare
sada bhat vs atop bhat calories,food_compare
khoi vs muri comparison,food_compare
khichuri vs sada bhat,food_compare
"পোলাও নাকি খিচুড়ি, কোনটায় ক্যালরি বেশি?",food_compare
"লাল চালের ভাত নাকি রুটি, কোনটা ভালো?",food_compare
Muri vs Atop bhat,food_compare
muri vs veja chira weight loss,food_compare
ruti r bhat er modhye sugar kothay beshi?,food_compare
সাদা ভাত বনাম লাল চালের ভাত,food_compare
chal vs ruti calories,food_compare
Sugondhi bhat vs Plain pulao,food_compare
chira vs muri weight loss,food_compare
sada bhat vs ruti carbohydrate,food_compare
Plain khichuri vs Ruti carbs,food_compare
"ভাত নাকি লাল চালের ভাত, কোনটা ভালো?",food_compare
"chira vs muri, which is light for stomach?",food_compare
bhat ar muri er calorie,food_compare
Plain pulao vs Chal,food_compare
chira vs muri carbohydrate,food_compare
bhat ar ruti te protein er ki kono tofat ache?,food_compare
Sugondhi bhat vs Polao calories,food_compare
khichuri ar pulao er modhye kon tay tel besi?,food_compare
ruti vs khichuri,food_compare
"Plain pulao vs Plain khichuri, fibre kothay beshi?",food_compare
Plain pulao vs Ruti glycemic index,food_compare
Plain pulao vs Plain khichuri energy level,food_compare
khoi vs chira,food_compare
brown rice vs white rice protein,food_compare
ruti r sada bhat calorie,food_compare
Plain khichuri r Plain pulao er modhye kon ta heavy?,food_compare
"খিচুড়ি নাকি পোলাও, কোনটায় চর্বি বেশি?",food_compare
sugondhi bhat vs polao,food_compare
আতপ ভাত আর সিদ্ধ চালের ভাতের মধ্যে পার্থক্য কী?,food_compare
Atop bhat vs sugondhi bhat glycemic index,food_compare
Khoi vs Ruti,food_compare
Plain pulao vs sada bhat,food_compare
Brown rice vs aromatic rice,food_compare
muri vs khoi protein,food_compare
Plain pulao vs Plain khichuri protein comparison,food_compare
ajke ki ruti khele ojon barbe,food_advice
ajke ki suparfast weight komanor jonno shudhu chira khabo,food_advice
weight loss er jnno ki chira valo,food_advice
workout er age ki ektu muri khabo,food_advice
exercise er por ki polao khabo,food_advice
"gaye jor, ekhon ki bhat khete parbo",food_advice
হালকা খাবার হিসেবে কি চিড়া খাওয়া ভালো,food_advice
dupure ki khabar khabo ojon komanor jnno,food_advice
"ki khabo bujte parchi na, ekta suggestion din",food_advice
রাত ৮টার পর কি রুটি খাওয়া উচিত,food_advice
khichuri r sathe ki dim bhaja khawa jabe,food_advice
ki khele pet bhore kintu ojon bare na,food_advice
can I eat Plain pulao after gym,food_advice
"shiray byatha, ki bhat khabo naki ruti",food_advice
what should I eat for dinner tonight,food_advice
ki khabar kheye pet thanda rakha jay,food_advice
shokal e ki shudhu khoi ar dudh khabo,food_advice
"bhija chira khete icche korche, shokalbelay ki thik hobe",food_advice
khichuri khele ki ojon bare,food_advice
সকালে খালি পেটে কি মুড়ি খাওয়া যাবে,food_advice
can I eat plain khichuri for lunch today,food_advice
সকালে ঘুম থেকে উঠে কি খাওয়া উচিত,food_advice
sokaler nasta e ki chira khete pari,food_advice
"kheye ki weight barche, ki khabo bujte parchi na",food_advice
kanti lagle ki ektu khoi khabo,food_advice
rate ki lal chal er bhat khete pari,food_advice
sada bhat naki lal chal er bhat - konta better,food_advice
can I eat khoi when losing weight,food_advice
ajke ki rate bhat khele ghum bhalo hobe,food_advice
"ajke dupure ki khabo bujhchi na, ekta suggestion den",food_advice
what should I eat for lunch to lose weight,food_advice
dure kothao jabar age ki bhat khawa valo,food_advice
"pet kharab, ajke ki khabar khabo",food_advice
jaiga moto ki sada bhat khele somossa hobe,food_advice
breakfast a ki khabo,food_advice
amake weight gain korar jnno food list den,food_advice
মর্নিং ওয়াাকের পর কি মুড়ি খাওয়া ভালো,food_advice
দুপুরে কি লাল চালের ভাত খাবো,food_advice
amar ki ajke polao khawa thik hobe,food_advice
ঘুমের সমস্যা থাকলে রাতে কি খাবো,food_advice
Is it okay to eat Plain khichuri when sick?,food_advice
pet bhora rakhar jonno ki khabo,food_advice
sokal belay ki ruti khabo,food_advice
ami ki ekhon plain khichuri khete pari,food_advice
রক্তে শর্করা বেশি থাকলে কি চিড়া খাওয়া যাবে,food_advice
pet bhora thakle ki muri khabo,food_advice
Can I eat Plain pulao today,food_advice
stomach upset a ki chira khawa jabe,food_advice
pet bhora rakhar jonno ki khawa uchit,food_advice
can I eat Plain pulao today,food_advice
afternoon a ki nasta kora jay,food_advice
raate ki polao khawa uchit,food_advice
workout er age ki chal khawa jay,food_advice
ডায়াবেটিস রোগler জন্য কোন চাল ভালো,food_advice
"shongkha hocche, ojon ki bhat khele barbe",food_advice
সকালে নাস্তায় কি খাওয়া ভালো হবে,food_advice
bhaat khele ki gaser shomossha hoy,food_advice
shokal shokal ki chira khete pari,food_advice
ajke dupure ki ruti khawa thik hobe,food_advice
sadi bhat ki weight gain e sahajjo kore,food_advice
Can I eat polao chal everyday?,food_advice
"thanda lagche, ki khabar khabo",food_advice
"amar gas er somossa, ruti khabo naki bhat",food_advice
weight loss er jnno ki sadabhat khabo,food_advice
"khete khub khide peyeche, ki khabo ekhon",food_advice
ruti khabo naki bhat bujte parchi na,food_advice
Ajke nasta te ki atta ruti khabo,food_advice
is it safe to eat khoi every day,food_advice
raate ki atta ruti ar dim khabo,food_advice
how much brown rice should I eat for dinner,food_advice
roti khele ki gas hoy,food_advice
"দুর্বল লাগছে, কি খাওয়া উচিত",food_advice
can I eat khoi in diabetes,food_advice
"kichu halca nasta khete icche korche, ki khabo",food_advice
Is ruti better than bhat for dinner?,food_advice
কোষ্ঠকাঠিন্য দূর করতে কি লাল চালের ভাত খাবো,food_advice
sokal er nasta e chira ar kola ki healthy,food_advice
is it safe to eat muri when having acidity,food_advice
dubure ki khabo bujte parchi na,food_advice
diabetic patient ki polao chal khete parbe,food_advice
ki khabo bujte parsi na ajke dupure,food_advice
pet kharap hole ki Plain khichuri khete pari,food_advice
হজমশক্তি বাড়াতে কি খই খাওয়া ভালো,food_advice
ki nasta korle shara din pet faka thakbe na,food_advice
can I eat brown rice daily,food_advice
ajke nasta ki korbo,food_advice
ki khabar khete pari ajke weight control rakhte,food_advice
sokal belay ki muri khete pari,food_advice
khela dhula korar por ki muri khawa valo,food_advice
bhaat khele ki ghum ashe,food_advice
ajke ki polao banabo naki khichuri,food_advice
ajke ki dupure shobji diye ruti khabo,food_advice
should I eat atop bhat today,food_advice
ওজন কমাতে সাহায্য করে কোন খাবার,food_advice
"kheye ki mota hoye jachhi, ki khabo ekhon",food_advice
pet thanda rakhar jnno ki khabar khabo,food_advice
rat e ki bhat r ruti ek sathe khawa jay,food_advice
stomach upset e ki sada bhat khawa thik hobe,food_advice
amar ki ajke Plain pulao khawa uchit,food_advice
ki nasta korle shara din energetic thakbo,food_advice
ওজন কমাতে দুপুরের খাবারে কি খাবো,food_advice
veja chira ki pet er jonno thanda,food_advice
can I eat ruti tonight,food_advice
what should I eat when feeling weak,food_advice
kichuri khele ki gaser problem bare,food_advice
gas er somossa thakle ki lal bhat khawa uchit,food_advice
weight komate ki sada bhat khabo,food_advice
shokal bela ki atap bhat khawa jay,food_advice
chira ki bikel er nasta hishebe khawa jay,food_advice
kichuri naki sada bhat - kon ta khabo ajke,food_advice
raate ki khichuri khawa thik hobe,food_advice
kopale ki ajke Plain khichuri rakhte pari,food_advice
"kichu khete icche korche na, halka ki khabo",food_advice
ডায়াবেটিসে কি চাল খাওয়া নিষেধ,food_advice
raat er belay ki khoi khete parbo,food_advice
shorir gorom thakle ki chira bheja khawa valo,food_advice
breakfast e ki ruti khabo naki bhat,food_advice
ajke rate ki ruti khabo,food_advice
অ্যাসিডিটি হলে কি ভাত খাওয়া ভালো,food_advice
ajke dapore ki bhat khabo naki ruti khabo,food_advice
shokal er nashtay ki chira khawa valo hobe,food_advice
kichuri kheye ki ojon barbe,food_advice
ajke ki ruti diye breakfast korbo,food_advice
ডায়াবেটিস রোগীদের জন্য কি লাল চালের ভাত ভালো,food_advice
সকালে কি ভাত খাওয়া ভালো,food_advice
রাতে কি শুধু রুটি খাবো,food_advice
সকালের নাস্তায় কি খিচুড়ি খাবো,food_advice
vajapora chara duportion e ki khabo,food_advice
Should I eat Plain pulao for dinner tonight?,food_advice
is it safe to eat plain khichuri when sick,food_advice
what should I eat after workout,food_advice
Is it safe to eat puffed rice during pregnancy?,food_advice
ব্যায়ামের পর কি একটু খই খাওয়া যায়,food_advice
"kichu halqa khete chacchi, ki nasta korbo",food_advice
সকালে কি একটু মুড়ি খাওয়া যাবে,food_advice
সকালে ভেজা চিড়া খেলে কি এসিডিটি হয়,food_advice
"kheye ki weight bere jabe, ki khabo",food_advice
can I have a small bowl of plain khichuri before bed,food_advice
What is the best food for dinner tonight?,food_advice
sugondhi bhat ki shob shomoy khawa thik,food_advice
ki nasta korle gas hobena,food_advice
হজমশক্তি বাড়াতে কি খাবো,food_advice
সকালের নাস্তায় কি সুগন্ধি ভাত খাওয়া যায়,food_advice
halka nasta hishebe khoi ki khabo,food_advice
"শরীর খুব ক্লান্ত, এখন কি খাওয়া যায়",food_advice
shokal er nashtay ki khoi khete parbo,food_advice
raate ki bhat khawa safe hobe,food_advice
sokalbelar nasta te ki ruti khawa valo,food_advice
অ্যাসিডিটি হলে কি রুটি খাবো নাকি ভাত,food_advice
ajke rannay ki rakha jay,food_advice
ওজন বাড়াতে কোন ভাত খাবো,food_advice
khichuri khele ki ojon bere jay,food_advice
weight komanor jnno ki sadabhat khabo naki ruti,food_advice
ওজন বাড়ানোর জন্য কি বেশি করে ভাত খাবো,food_advice
raate ki halka patla khabar khabo,food_advice
weight komate ki sada bhat khabo naki lal chal,food_advice
raate ki khabo bujhchi na,food_advice
kichuri ki rate khawa thik hobe,food_advice
ki khele pet thanda thakbe,food_advice
sada bhat kheye ki ওজন কমানো যায়,food_advice
dupure ki polao chal er bhat khabo,food_advice
Can I have some chal er ruti tonight?,food_advice
শর্দি কাশির সময় কি পোলাও খাওয়া যাবে,food_advice
kacha chal chabale ki hoy,food_advice
is it okay to eat sugondhi bhat at night,food_advice
Can I eat boiled rice with fish curry?,food_advice
shokal belay ki muri khete pari,food_advice
সর্দি কাশিতে কি গরম ভাত খাওয়া যাবে,food_advice
গরমের দিনে দুপুরের খাবারে কি রাখা ভালো,food_advice
dupure ki atop bhat khaoar shomoy hoise,food_advice
raater khabare ki chal er poriborte ruti bhalo,food_advice
vata r shathe ki polao chal mishiye khawa jabe,food_advice
"amar gaser shomoshsha, ki sadabhat khabo naki lal chal",food_advice
"khide peyeche, ekhon ki atta ruti khabo",food_advice
amake ki ajke Plain khichuri khete hobe,food_advice
raate ki sugondhi bhat khawa uchit,food_advice
is it okay to eat puffed rice in the evening,food_advice
sokal e taratari ki nasta banabo,food_advice
রাতে পোলাও খাওয়া কি ঠিক হবে,food_advice
ajke rate ki khababar khabo,food_advice
Ajke ki pulao khete pari,food_advice
ajke rate ki khabo,food_advice
shokal e ki atta ruti khawa valo,food_advice
হজমশক্তি বাড়াতে কি লাল চালের ভাত খাবো,food_advice
ruti khabo na bhat,food_advice
suport er jonno ki chira khete hobe,food_advice
সর্দি-কাশি হলে কি নরম করে ভাত খাওয়া ভালো হবে?,food_advice
ajke ki sugondhi bhat khete pari,food_advice
roj rate bhat khele ki ojon barbe,food_advice
ajke ki dupure bhat khete parbo naki bad dite hobe,food_advice
gas er shomoshsha thakle ki ruti khawa valo,food_advice
sokal e ki sugonhi bhat khabo,food_advice
dupure ki bhat er shathe dal khabo,food_advice
bhat khele ki ghum pay,food_advice
can I have Plain khichuri for lunch,food_advice
atop bhat ki pet er jonno valo,food_advice
can I have some bhat with curry now,food_advice
ki khabar khete parbo ekhon,food_advice
is it good to eat plain pulao after workout,food_advice
shokal e ki veja chira khawa healthy hobe,food_advice
হজম শক্তি বাড়াতে কি ভেজা চিড়া খাবো,food_advice
pet kharap hole ki ruti khawa uchit,food_advice
"weight loss korbo, ki ruti khabo naki bhat",food_advice
লাল চালের ভাত কি ডায়াবেটিস রোগীদের জন্য ভালো,food_advice
ki khete pari ajke bhok hocche na,food_advice
what should I eat for breakfast to stay active,food_advice
can I eat fried ruti for breakfast,food_advice
can I have some ruti at night,food_advice
ajke dupurer khabare ki plain pulao rakhte pari,food_advice
raate halka khabar hishebe ki ruti khete pari,food_advice
ojon komate ki lal chal er bhat khabo,food_advice
what should I eat for breakfast today,food_advice
shokaler nastey ki chira khele bhalo hoy,food_advice
ajke dupure ki sadabhat khabo,food_advice
workout er age ki ektu muri khete pari,food_advice
কোমরে ব্যথা থাকলে কি বিশেষ কোনো খাবার খাবো,food_advice
অফিস থেকে ফিরে রাতে কি পোলাও খাওয়া যাবে,food_advice
ki nasta korle weight kombe,food_advice
আতার ভাত খাবো নাকি লাল চালের ভাত,food_advice
stomach upset er shomoy ki chira khawa jabe,food_advice
ki diye nasta korle shokti pabo,food_advice
ajke ki dufure bhat khete parbo,food_advice
shombar din dupure ki bhat khabo,food_advice
can I eat chira at night,food_advice
raate ki sudhu ruti khabo,food_advice
can I eat Rice flakes for breakfast,food_advice
kheye khoroch komate ki chal khabo,food_advice
"pet bhora lagche, ekhon ki ruti khete parbo",food_advice
"amar shorir khub kharap, ki khabar pabo",food_advice
ওজন বাড়াতে কি পোলাও খাওয়া যাবে,food_advice
diabetics patient ki sugondhi bhat khete parbe,food_advice
Can I eat white rice at night?,food_advice
ajke ki lal chal er bhat khabo,food_advice
diabetes patient ki roshun diye ruti khete parbe,food_advice
pet bhora rakhar jonno ki ruti khabo naki bhat,food_advice
ki ki khabar kheye ওজন কমানো সম্ভব,food_advice
shokalbelay ki chira khete pari,food_advice
সর্দি কাশির সময় কি খিচুড়ি খাওয়া ভালো,food_advice
সকালবেলা কি খই খাওয়া যাবে,food_advice
sugondhi bhat ki biye bari chara khawa jay,food_advice
bhat khele ki gas er shomoshsha bare,food_advice
bhat kheye ki mota hoye jacchi,food_advice
ratae ki sadabhat khabo naki ruti,food_advice
ajke ki sadabhat khabo naki ruti,food_advice
shokaler nastay ki chira ar kola khabo,food_advice
what is the best food for dinner tonight,food_advice
শীতের সকালে কি চিড়া খাওয়া ঠিক,food_advice
can I eat Plain khichuri during fever,food_advice
can I eat brown rice every day,food_advice
গর্ভাবস্থায় কি লাল চালের ভাত খাওয়া ভালো,food_advice
Dupure ki bhat khabo naki ruti,food_advice
Should I eat rice or roti for lunch today?,food_advice
ajke ki ruti khabo naki bhat,food_advice
amake ekta healthy breakfast menu den,food_advice
khatar por raate ki ektu muri khawa thik hobe,food_advice
ajke dupure ki ruti khabo naki bhat,food_advice
পেট ফাঁপা থাকলে কি ভাত খাওয়া যাবে,food_advice
dupure ki khichuri r sathe dim bhaja khabo,food_advice
khichuri khele ki gas bare,food_advice
What should I eat for lunch to stay active?,food_advice
দুপুরে কি সাদা ভাত খাওয়া ভালো হবে,food_advice
What can I eat for a quick breakfast before office?,food_advice
dupure ki ruti r sathe mangsho khabo,food_advice
khichuri kheye ki gaser shomoshsha hobe,food_advice
bhija chira ki shokal e khawa jay,food_advice
সকালের নাস্তায় কি রুটি ও ডিম খাওয়া ঠিক,food_advice
shokal belay ruti naki bhat khabo,food_advice
kichuri khele ki gas hoy,food_advice
raate ki bhat er bodole ruti khawa uchit,food_advice
dupure ki polao khawa thik hobe,food_advice
raate ki khawa uchit jate ghum bhalo hoy,food_advice
কাল সকালে নাস্তায় কি রুটি খাওয়া ভালো হবে,food_advice
shokal er nasta te ki khawa uchit,food_advice
raate halka patla ki khawa jai bolben,food_advice
sokal belay ki sada bhat khawa jay,food_advice
সকালে জলদি ওঠার পর কি নাস্তা খাবো,food_advice
ki kheye ojon komanor shuru korbo,food_advice
Can I eat brown rice every day for weight loss?,food_advice
ki khete parbo ekhon,food_advice
kheye ki ojon komanor jnno lal bhat valo,food_advice
what to eat when having fever,food_advice
can I have muri for weight loss,food_advice
shokal belay ki ruti r sathe dim khawa thik hobe,food_advice
"kheye pet bhore geche, ekhon ki ruti khabo",food_advice
সকালে চায়ের সাথে কি মুড়ি খাওয়া যায়,food_advice
"shorir durbol, shokal e ki khabar uchit",food_advice
কি খাবার খেলে দ্রুত শক্তি পাবো,food_advice
ojon komate ki protidin ruti khawa uchit,food_advice
weight komanor jonno ki bhat khaoar por muri khete pari,food_advice
dupure ki sada bhat khabo naki lal chal,food_advice
"raate ki khabo bujhsi na, bhat ba ruti kichu ekta suggest koren",food_advice
গরমের দিনে দুপুরের খাবারে কি রাখা উচিত,food_advice
খিদের চোটে কি এখন একটু মুড়ি খাবো,food_advice
gas er somossa thakle ki polao khawa jabe,food_advice
khichuri ki shokal bela khawa uchit,food_advice
vajapora chara shokal e ki nasta kora jay,food_advice
raate ki khabo ajke,food_advice
weight loss er jonno ki dupure bhat komsi chira khabo,food_advice
should I eat Ruti for dinner tonight,food_advice
শরীর ঠান্ডা রাখতে কি ভেজা চিড়া খাবো,food_advice
diabetic patient der ki sugondhi bhat khawa thik,food_advice
What should I eat when feeling very weak?,food_advice
shokal belay ki muri khete pari ektu tel diye,food_advice
gas ba acidity thakle ki ruti khawa uchit,food_advice
"amar gaser problem, ki chal khete parbo",food_advice
can I eat muri as a snack during work,food_advice
রোজার পর ইফতারে কি খই খাওয়া যাবে,food_advice
pet kharap thakle ki khichuri khete parbo,food_advice
what to eat before going to gym,food_advice
weight komanor jnno ki bhija chira bhalo,food_advice
"amar weight besi, ki ekhon bhat khabo",food_advice
exercise er age ki ektu muri ba khoi khaoya jay,food_advice
ঠান্ডা লাগলে কি সুগন্ধি ভাত খাওয়া যাবে,food_advice
গর্ভাবস্থায় কি পোলাও খাওয়া যাবে,food_advice
সকালের নাস্তায় কি রুটি খাওয়া ভালো,food_advice
ajke nasta ki banabo bujhte parchi na,food_advice
sardari thanda lagle ki sada bhat khabo,food_advice
bheja chira khabar niyam ki,food_advice
khoy ki khub healthy nasta,food_advice
should I eat white rice for lunch,food_advice
can I eat muri for weight loss,food_advice
bhat khabo naki ruti confused,food_advice
raate ruti naki bhat khabo,food_advice
কোষ্ঠকাঠিন্য হলে কি চিড়া খাবো,food_advice
ajke ki akshathe ruti ar bhat খাওয়া যাবে,food_advice
osukh theke uthe ki sada bhat khete parbo,food_advice
gas er shomossa thakle ki chira khabo,food_advice
bhaat khele ki pet fape,food_advice
অফিসের টিফিনে কি খাওয়া যেতে পারে,food_advice
can I eat khoi at night,food_advice
"what is better for breakfast, ruti or chira",food_advice
diabetes thakle ki poriman bhat khabo,food_advice
is it okay to eat puffed rice during pregnancy,food_advice
can I eat rice at night for weight gain,food_advice
ki khabar khabo ajke bujhte parchi na,food_advice
ajke dupure ki khabo bujhchi na,food_advice
ajke ki khabo bujte parchi na,food_advice
amar ki shokal e ruti khaoar abhyas kora uchit,food_advice
raate ki sugondhi bhat khawa jabe,food_advice
roza thakar por iftar e ki khabo,food_advice
ki nasta korle sharakkhon shokti pabo,food_advice
rate ruti khabar por ki ektu mudi khawa thik hobe,food_advice
raate ki bhat khabo,food_advice
"durbal lagche, ki khabo",food_advice
pregnancy r shomoy ki chal khawa jay,food_advice
muri khawa ki weight loss e shahajjo kore,food_advice
পেট খারাপের সময় কি আতপ ভাত খাওয়া যাবে,food_advice
eider din e ki polao khete parbo,food_advice
ki khabar khabo ajke shara din energy pete,food_advice
can I eat ruti at night everyday,food_advice
How many calories should I consume to reach my goal?,profile_question
amar daily calorie intake koto hle weight kombe?,profile_question
আমার প্রতিদিনের ক্যালোরি ইনটেক কত হওয়া উচিত?,profile_question
amar ideal body weight koto hova uchit,profile_question
amar bmi score janar chhilam,profile_question
How do I find my personal calorie goal?,profile_question
Can you check my BMI?,profile_question
amar bmi koto ase aktu check korben?,profile_question
amar current bmi koto?,profile_question
আমার ওজন কি কমানো দরকার?,profile_question
amar bmi koto ase aktu check kore deben,profile_question
What is my target calorie range?,profile_question
What is my BMR value?,profile_question
amar weight goal set korte ki ki lagbe?,profile_question
amar daily calorie requirement ta ber kore din toh,profile_question
আমার বডি মাস ইনডেক্স কত দেখায়?,profile_question
আমার কি শরীরের ওজন নিয়ে চিন্তা করা উচিত?,profile_question
আমার দৈনিক ক্যালোরি চাহিদা কি ঠিক আছে?,profile_question
আমার ওজন কমানোর গোল সেট করতে সাহায্য করুন।,profile_question
What is my personal daily calorie goal?,profile_question
আমার ওজন কমানোর জন্য দৈনিক কত ক্যালরি খাওয়া উচিত?,profile_question
আমার ওজন কমানোর জন্য প্রতিদিন সর্বোচ্চ কত ক্যালোরি ইনটেক করা নিরাপদ?,profile_question
আমার শরীরের ওজন কি কমছে না বাড়ার কথা?,profile_question
amar weight loss er jonno daily calorie target koto?,profile_question
How many calories do I need for my workout routine?,profile_question
What is my lean body mass?,profile_question
koto calorie khete hobe amar body er jonno?,profile_question
আমার দৈনিক ক্যালোরি চাহিদা কত?,profile_question
amar daily calorie target fix korar niyom ki,profile_question
আমার বিএমআই লেভেল কি ঠিক আছে?,profile_question
আমার জন্য কত ক্যালরি ডেফিসিট সেফ হবে?,profile_question
What is my fat loss calorie target?,profile_question
আমার শরীরের জন্য দৈনিক কত ক্যালরি দরকার?,profile_question
What is my personal daily calorie budget?,profile_question
amar daily calorie count koto hole bhalo hoy,profile_question
How many calories do I burn in 24 hours?,profile_question
What is my daily energy requirement?,profile_question
amar daily total energy expenditure koto?,profile_question
What is my optimal daily calorie target?,profile_question
amar body fat percentage koto hote pare,profile_question
আমার শরীরে প্রতিদিন কত ক্যালোরি দরকার?,profile_question
what is my BMI value right now?,profile_question
amar weight ki besi kom?,profile_question
How many calories do I need for fat loss?,profile_question
how to calculate my daily energy expenditure,profile_question
আমার ওজন কমানোর জন্য দৈনিক ক্যালোরি কত হওয়া উচিত?,profile_question
amar body weight ki normal ache?,profile_question
আমার শরীরের জন্য প্রতিদিন কত গ্রাম প্রোটিন দরকার?,profile_question
How many calories do I need for my goal?,profile_question
calculate my daily calorie intake,profile_question
amar bmi ta aktu calculate kore diben?,profile_question
amar body weight er jonno daily calorie target koto hobe?,profile_question
আমার শরীরের জন্য দৈনিক প্রোটিন গোল কত?,profile_question
amar bmi koto hobe bolun to,profile_question
amar daily calorie intake target koto hobe weight gain er jonno,profile_question
আমার ওজনের লক্ষ্য অর্জনে প্রতিদিন কত ক্যালরি খাব?,profile_question
আমার দৈনিক খাবার থেকে কত ক্যালরি নেওয়া উচিত?,profile_question
আমার কি ওজন বাড়ানোর জন্য ক্যালোরি সারপ্লাস দরকার?,profile_question
What should my daily calorie intake be for fat loss?,profile_question
আমার ওজন কি বেশি?,profile_question
আমার উচ্চতা ও ওজন অনুযায়ী আমার বিএমআই কত?,profile_question
amar weight ki beshi bere geche?,profile_question
What is my basal metabolic rate based on my age and weight?,profile_question
amar body mass index koto asbe bolun,profile_question
How many calories should I eat per day to reach 70kg?,profile_question
আমার দৈনিক শক্তির চাহিদা কত?,profile_question
amar daily maintenance calories koto hobe,profile_question
amar daily calorie target koto rakha uchit?,profile_question
bmi koto hile normal bole?,profile_question
amar daily calorie limit koto?,profile_question
bmi ber korar niyom ki?,profile_question
amar daily calorie intake koto hobe?,profile_question
weight goal ki bhabe set korbo?,profile_question
amar daily calorie target ki ektu bole diben?,profile_question
What is my ideal body weight?,profile_question
আমার ওজন কি খুব কম?,profile_question
amar ki weight barano dorkar?,profile_question
How many calories to eat for fat loss?,profile_question
আমার ডেইলি ক্যালোরি বার্ন কত হতে পারে?,profile_question
আমার উচ্চতা অনুযায়ী আমার ওজন কি ঠিক আছে?,profile_question
আমার দৈনন্দিন ক্যালোরি গোল কত হওয়া উচিত?,profile_question
আমার দৈনিক পুষ্টির চাহিদা এবং ক্যালরি টার্গেট কত?,profile_question
How many calories do I need for my body type?,profile_question
What is my BMI score?,profile_question
আমার বর্তমান ওজনের ওপর ভিত্তি করে আমার বিএমআই (BMI) কত আসে?,profile_question
what is my recommended calorie intake?,profile_question
What is my ideal body weight formula result?,profile_question
amar daily target koto hobe weight gain er jonno?,profile_question
amar body mass index koto janaben?,profile_question
How many calories should I eat during a calorie deficit?,profile_question
আমার দৈনিক ক্যালোরি চাহিদা হিসাব করে দিন,profile_question
amar daily target calorie koto rakha uchit,profile_question
What is my current body mass index based on my height and weight?,profile_question
How many calories should I eat to maintain my weight?,profile_question
আমার প্রতিদিন কত গ্রাম প্রোটিন খাওয়া উচিত?,profile_question
আমার কি ওজন কমানোর জন্য ক্যালরি ডেফিসিটে যাওয়া দরকার?,profile_question
amar body er jonno daily koto calorie dorkar?,profile_question
What is my estimated daily calorie burn?,profile_question
amar weight loss er jonno koto calorie deficit dorkar?,profile_question
How many calories do I need for slow weight loss?,profile_question
What is my current BMI score?,profile_question
আমার কি ওভারওয়েট ক্যাটাগরিতে পড়ি?,profile_question
what is my ideal weight for my height?,profile_question
my current bmi calculation please,profile_question
How many calories should I eat daily based on my stats?,profile_question
আমার শরীরের ফ্যাট পার্সেন্টেজ কত হতে পারে?,profile_question
What is my fat loss calorie limit?,profile_question
How many calories should I eat daily to lose weight?,profile_question
How many calories to eat to maintain my weight?,profile_question
amar daily calorie burn koto hobe?,profile_question
amar daily calorie limit koto fix korbo,profile_question
আমার কি ওভারওয়েট নাকি আন্ডারওয়েট?,profile_question
আমার বেসাল মেটাবলিক রেট বা বিএমআর কত?,profile_question
amar current bmi status ki?,profile_question
আমার বিএমআই লেভেল কি নরমাল আছে?,profile_question
আমার দৈনিক ক্যালোরি গোল কত রাখা উচিত?,profile_question
What should be my target weight?,profile_question
How many calories do I need to eat to stay fit?,profile_question
আমার উচ্চতা অনুযায়ী আমার কি ওজন বাড়ানো দরকার?,profile_question
আমার বিএমআই লেভেলটা কি নরমাল আছে?,profile_question
How many calories to eat for muscle gain?,profile_question
amar daily calorie budget koto hobe,profile_question
আমার কি ওজন কমানো দরকার না কি মাস্ল গেইন করা দরকার?,profile_question
What is my calorie goal for fat loss?,profile_question
amar weight loss er target ta ki thik ase?,profile_question
amar current weight ki healthy range e ase?,profile_question
আমার শরীর কি ফিট আছে?,profile_question
amar daily calorie count ta ektu bole deben?,profile_question
আমার ওজন কমাতে কত ক্যালোরি দরকার?,profile_question
How many calories do I need for weight gain?,profile_question
Calculate my daily calorie intake please,profile_question
আমার কি ক্যালোরি সারপ্লাস এ যাওয়া উচিত?,profile_question
amar body r calorie requirement koto?,profile_question
How do I find my daily calorie deficit target?,profile_question
আমার বিএমআই স্ট্যাটাস কি ওভারওয়েট?,profile_question
How many calories should a person of my height eat?,profile_question
amar target calorie intake koto hobe?,profile_question
What is my recommended weight loss target?,profile_question
What is my current body mass index?,profile_question
What is my target calorie intake for healthy weight gain?,profile_question
How many calories do I need to gain weight?,profile_question
How many calories should I eat to hit my fitness target?,profile_question
What is my recommended daily calorie range?,profile_question
What is my daily calorie goal for a healthy lifestyle?,profile_question
What is my target calorie intake for muscle gain?,profile_question
আমার উচ্চতা ও ওজন অনুযায়ী আমার কি ডায়েট করা উচিত?,profile_question
How do I calculate my Basal Metabolic Rate (BMR)?,profile_question
How many calories do I burn walking daily?,profile_question
আমার উচ্চতা ৫ ফুট ৬ ইঞ্চি হলে আমার আদর্শ ওজন কত হওয়া উচিত?,profile_question
আমার বর্তমান উচ্চতা ও ওজনের অনুপাতে আমার শরীরের বিএমআই স্ট্যাটাস কি স্বাভাবিক?,profile_question
আমার শরীরের ওজন কি স্বাভাবিক সীমার মধ্যে আছে?,profile_question
what is my daily calorie needs for weight loss?,profile_question
What is my basal metabolic rate?,profile_question
amar bmi koto bhai?,profile_question
আমার কি অতিরিক্ত ওজন আছে?,profile_question
আমার শরীরের জন্য প্রতিদিন কত ক্যালরি সেফ?,profile_question
amar ki weight barano uchit?,profile_question
How many calories should I eat to drop 5 kg?,profile_question
amar bmi koto bhai,profile_question
আমার কি ওজন বাড়ানোর জন্য খাওয়া বাড়ানো উচিত?,profile_question
আমার ওজন কি খুব বেশি বেশি লাগছে?,profile_question
Am I overweight according to my BMI?,profile_question
আমার দৈনিক ক্যালোরি ঘাটতি কত হওয়া দরকার?,profile_question
amar ki weight loss goal set kora dorkar?,profile_question
How many calories to consume for muscle building?,profile_question
আমার ফিজিক্যাল অ্যাক্টিভিটি লেভেল অনুযায়ী আমার ক্যালোরি কত?,profile_question
amar bmr calculation kore dao plz,profile_question
What is my healthy weight range?,profile_question
Daily ami koto calorie khabo?,profile_question
how many calories do I need to gain weight?,profile_question
আমার ডেইলি ক্যালোরি ইনটেক কত হওয়া দরকার?,profile_question
how much protein do I need daily based on my weight?,profile_question
amar ki underweight er moddhe pori?,profile_question
How do I find my daily calorie needs?,profile_question
amar weight ki underweight er moddhe pore?,profile_question
How many calories to eat during intermittent fasting?,profile_question
আমার দৈনিক ক্যালোরি ঘাটতি বা ডেফিসিট কত রাখা ভালো?,profile_question
আমার দৈনিক ক্যালোরির চাহিদা কত হতে পারে?,profile_question
How do I know my BMI?,profile_question
How many calories do I need for a slow cut?,profile_question
What should be my target weight for my height?,profile_question
amar daily maintenance calories koto?,profile_question
What is my maintenance calorie level?,profile_question
calorie target set kore din amar jonno,profile_question
How can I check if my weight is healthy?,profile_question
আমার দৈনিক ক্যালোরি চাহিদা কত তা জানতে চাই।,profile_question
আমার কি ওজন কমানো উচিত না বাড়ানো উচিত?,profile_question
amar weight ki besi kom lagche?,profile_question
How do I calculate my daily calorie deficit?,profile_question
আমার উচ্চতা অনুযায়ী আদর্শ ওজন কত হওয়া উচিত?,profile_question
আমার উচ্চতা অনুযায়ী আমার কত ক্যালোরি খাওয়া সেফ?,profile_question
How many calories should I consume daily to maintain my weight?,profile_question
What is my recommended daily calorie intake for my goals?,profile_question
amar bmi ki healthy range a ache?,profile_question
How many calories should I eat if I work out daily?,profile_question
what is my basal metabolic rate?,profile_question
amar ki overweight er moddhe pori?,profile_question
আমার শরীর ফিট রাখতে কত ক্যালরি দরকার?,profile_question
How do I know if my weight is normal?,profile_question
How many calories do I burn during a normal active day?,profile_question
আমার ডেইলি ক্যালোরি গোল কত রাখা ভালো?,profile_question
আমার বর্তমান ওজনের জন্য আমার ক্যালোরি গোল কি হবে?,profile_question
amar body weight onujayi daily koto calorie dorkar?,profile_question
how many calories to maintain weight,profile_question
আমার ওজন কি উচ্চতা অনুযায়ী ঠিক আছে?,profile_question
What is my daily calorie limit for weight gain?,profile_question
What should my daily macro split be?,profile_question
amar target calorie koto hobe?,profile_question
আমার শরীরের জন্য দৈনিক কত ক্যালরি নিরাপদ?,profile_question
আমার উচ্চতা অনুযায়ী আমার ওজন ঠিক আছে কি না দেখতে চাই,profile_question
How many calories should I intake daily?,profile_question
What is my total daily energy expenditure?,profile_question
amar bhycal bmi koto?,profile_question
How many calories should I consume to maintain my physique?,profile_question
amar daily calories needed koto,profile_question
What is my recommended daily calorie intake?,profile_question
amar bmi ki healthy range e ache?,profile_question
আমার কি ওজন কমানোর জন্য ডায়েট শুরু করা উচিত?,profile_question
আমার ওজন কমানোর জন্য দৈনিক কত ক্যালরি কমাতে হবে?,profile_question
আমার ওজন অনুযায়ী আমার দৈনিক ক্যালরি চাহিদা কত?,profile_question
amar bmi score koto hobe?,profile_question
আমার ওজন কি হাইট অনুযায়ী পারফেক্ট?,profile_question
amar body fat percentage koto?,profile_question
আমার শরীরের জন্য প্রতিদিন কত ক্যালোরি প্রয়োজন?,profile_question
amar current weight ki healthy range a ase?,profile_question
আমার শরীরের মেটাবলিজম রেট বা বিএমআর কত হতে পারে?,profile_question
What is my target weight for next month?,profile_question
How much protein do I need based on my weight?,profile_question
amar weight loss target koto rakha valo?,profile_question
How many calories should I burn a day?,profile_question
daily koto calorie burn korte hobe weight komate?,profile_question
What is my ideal calorie goal for today?,profile_question
What is my recommended daily calorie limit?,profile_question
What is my target calorie deficit for this week?,profile_question
What is my recommended daily calorie intake for my goal?,profile_question
amar bmi score ta ektu bole diben?,profile_question
How many calories do I need to consume to stay fit?,profile_question
What is my ideal weight based on height?,profile_question
How many calories do I burn a day?,profile_question
amar weight goal ki rakha thik hobe,profile_question
What is my daily calorie limit for losing weight?,profile_question
আমার ক্যালোরি চাহিদা বের করার উপায় কি?,profile_question
আমার শরীরের জন্য প্রতিদিন ঠিক কতটুকু ক্যালরি দরকার?,profile_question
amar daily target calorie koto hobe?,profile_question
amar weight loss target set korte chai,profile_question
How do I calculate my daily calorie needs?,profile_question
How many calories do I need as a sedentary person?,profile_question
amar weight r height er upor bmi koto?,profile_question
amar body fat koto hobe?,profile_question
আমার কি এখন ওয়েট লুজ করা উচিত নাকি গেইন?,profile_question
What is my BMR?,profile_question
amar daily calorie expenditure koto?,profile_question
amar daily calorie burn koto?,profile_question
How many calories do I need to eat to bulk?,profile_question
amar daily calorie target set kore dao,profile_question
amar daily calorie requirement koto bolben?,profile_question
what is my daily energy expenditure?,profile_question
How do I know if my weight is healthy for my height?,profile_question
What should my daily calorie goal be?,profile_question
amar daily calorie burn koto ta ki kore bujbo?,profile_question
আমার কি এখন ওজন কমানো উচিত?,profile_question
How many calories do I need during pregnancy?,profile_question
amar age and height er hisabe bmi koto?,profile_question
আমার কি এখন ওজন কমানোর জন্য ডায়েট শুরু করা উচিত?,profile_question
amar bmi koto check kore dao toh,profile_question
What is the recommended calorie deficit for my body type?,profile_question
How many calories do I need per day to build muscle?,profile_question
How many calories do I need based on my age and height?,profile_question
What is my daily energy expenditure?,profile_question
amar ideal weight er jonno koto kochi lagbe?,profile_question
amar bmi calculation kore din,profile_question
How many calories do I need to drop 5kg?,profile_question
What is my daily calorie intake for fat loss?,profile_question
আমার বিএমআই লেভেল কি ওভারওয়েট?,profile_question
আমার শরীরের গঠন অনুযায়ী আমার কি বাল্কিং করা ঠিক হবে?,profile_question
আমার ডেইলি ক্যালোরি বার্ন কত?,profile_question
amar daily calorie count koto hobe bolen toh,profile_question
What is my daily calorie expenditure?,profile_question
আমার শরীরের গঠন অনুযায়ী আমার দৈনিক ক্যালোরি চাহিদা কত?,profile_question
amar metabolism ki fast naki slow?,profile_question
amar target weight koto rakha valo hobe?,profile_question
আমার শরীরে কি মেদ বেশি?,profile_question
What should my daily calorie limit be to maintain my current weight?,profile_question
How much weight should I safely lose per week?,profile_question
How many calories do I need for a lean bulk?,profile_question
What is my target calorie intake for bulking?,profile_question
What is my customized daily calorie intake?,profile_question
আমার বর্তমান উচ্চতা অনুযায়ী আমার কত কেজি ওজন কমানো দরকার?,profile_question
আমার ওজন কি উচ্চতা অনুযায়ী বেশি?,profile_question
weight loss er jonno daily calorie limit koto?,profile_question
আমার ওজন কি আমার উচ্চতা অনুযায়ী ঠিক আছে?,profile_question
amar ideal body weight koto hoba?,profile_question
amar daily calorie goal ki hobe?,profile_question
আমার ডেইলি ক্যালোরি রিকোয়ারমেন্ট ক্যালকুলেট করে দিন প্লিজ,profile_question
How many calories should I eat if I want to stay fit?,profile_question
How many calories should I eat to stay fit?,profile_question
amar ideal weight koto hoba?,profile_question
আমার ওজন কমানোর জন্য দৈনিক কত ক্যালরি দরকার?,profile_question
amar daily calorie requirement ta ber kore din,profile_question
How many calories should a woman of my age eat?,profile_question
আমার দৈনিক খাবার থেকে কত ক্যালরি পাওয়া উচিত?,profile_question
How many calories should I consume to lose weight?,profile_question
amar body te fat percentage koto hote pare?,profile_question
What is my daily maintenance energy requirement?,profile_question
What is my maximum calorie intake for weight loss?,profile_question
আমার ওজন কি স্ট্যান্ডার্ড আছে?,profile_question
আমার উচ্চতা অনুযায়ী আমার ওজন কত হওয়া উচিত?,profile_question
amar target weight porjonto pouchate koto din lagbe?,profile_question
amar bmi score ta ektu check kore din,profile_question
আমার কি ওজন কমানোর টার্গেট নেওয়া ঠিক হবে?,profile_question
amar ideal weight koto hobe?,profile_question
What is my daily maintenance level?,profile_question
How many calories should I consume to maintain my weight?,profile_question
amar weight loss target set korar niyom ki?,profile_question
amar bmi measurement koto ashe?,profile_question
আমার কি আরও ওজন কমানো দরকার?,profile_question
amar bodyweight goal set korte chai,profile_question
amar weight loss er target koto hobe?,profile_question
bmi ta kintu thik nai amar,profile_question
How much weight can I safely lose in a month?,profile_question
আমার শরীর কি আন্ডারওয়েট নাকি ওভারওয়েট?,profile_question
How do I track my calorie intake properly?,profile_question
amar daily calorie requirement koto?,profile_question
আমার ওজন কমানোর জন্য প্রতিদিন কত ক্যালোরি দরকার?,profile_question
amar daily calorie target set korte hobe,profile_question
আমার উচ্চতা এবং ওজন অনুযায়ী আমার বিএমআই কত?,profile_question
আমার শরীরের জন্য প্রতিদিন কত ক্যালরি প্রয়োজন?,profile_question
amar daily calorie goal set kore din,profile_question
What is my estimated daily calorie burn including exercise?,profile_question
আমার দৈনিক ক্যালরির চাহিদা কত হওয়া উচিত?,profile_question
আমার কি এখন ওজন কমানোর জন্য ক্যালরি কমানো উচিত?,profile_question
What is my calorie target for muscle building?,profile_question
amar daily calorie count koto hobe?,profile_question
Calculate my daily calorie intake.,profile_question
amar weight loss er jonno daily koto calorie khaoya uchit,profile_question
How many calories do I need to consume daily to reach my goal weight?,profile_question
আমার ওজন কি স্বাভাবিক সীমার মধ্যে আছে?,profile_question
What is my current fitness level based on BMI?,profile_question
What is my optimal calorie intake for fat loss?,profile_question
amar ki ekhon diet kora dorkar?,profile_question
আমার আদর্শ ওজন কত হওয়া উচিত?,profile_question
amar daily calorie deficit koto rakha uchit?,profile_question
How many calories do I burn at rest?,profile_question
What is my recommended daily calorie intake for weight loss?,profile_question
How many calories do I burn in a day?,profile_question
amar bmi koto asbe?,profile_question
What is my daily calorie requirement for cutting?,profile_question
How many calories do I burn daily?,profile_question
amar ideal calorie goal set kora lagbe,profile_question
kmn aso,greeting_meta
ki khobor apnar,greeting_meta
good morning bot,greeting_meta
hello nutritionist,greeting_meta
tumi ki amar diet plan banate parbe?,greeting_meta
ki obostha sobai,greeting_meta
hi nutritionist,greeting_meta
"Hi, how are you doing?",greeting_meta
salam janai,greeting_meta
Thanks bro,greeting_meta
hello ai,greeting_meta
Apni ke?,greeting_meta
What do you do?,greeting_meta
ki khabar dost,greeting_meta
hi bot bhai,greeting_meta
What kind of help can I get here?,greeting_meta
asslamualikum,greeting_meta
apni ki manush naki bot?,greeting_meta
ami ekhon ki korte pari apnar sathe?,greeting_meta
apni ke?,greeting_meta
adab bot,greeting_meta
Are you a real person?,greeting_meta
Apni koto gulo food chinben?,greeting_meta
how are you,greeting_meta
apni ki amake khabar niye sahajjo korte paren?,greeting_meta
hi ai,greeting_meta
Hi there,greeting_meta
কী অবস্থা?,greeting_meta
hello friend,greeting_meta
bye,greeting_meta
Helo,greeting_meta
salam,greeting_meta
namaste,greeting_meta
ki obostha tora,greeting_meta
অনেক ধন্যবাদ আপনাকে,greeting_meta
thanks a lot bot,greeting_meta
নমস্কার দাদা,greeting_meta
ধন্যবাদ তোমাকে,greeting_meta
Introduce yourself please,greeting_meta
ami ki apnake kichu jiggesh korte pari?,greeting_meta
suprobat,greeting_meta
Hey,greeting_meta
ki ki help korte parben?,greeting_meta
help please,greeting_meta
tumi ki doctor?,greeting_meta
Hello bot,greeting_meta
kemon acho,greeting_meta
hey there bot,greeting_meta
As-salamu alaikum,greeting_meta
ধন্যবাদ আপনাকে সাহায্য করার জন্য,greeting_meta
hiya,greeting_meta
Hiya,greeting_meta
shuvo sokal,greeting_meta
ধন্যবাদ,greeting_meta
onek thanks,greeting_meta
apnake onek shukriya,greeting_meta
hello nutrition bot,greeting_meta
namaskar dada,greeting_meta
apni ki nutrition expert?,greeting_meta
tumi kothay thako,greeting_meta
সালাম নিবেন,greeting_meta
"Good afternoon, assistant",greeting_meta
kichu jiggesh korar chhilo,greeting_meta
Hey there buddy,greeting_meta
হ্যালো,greeting_meta
adab,greeting_meta
pore kotha hobe,greeting_meta
Apni ki shobai ke sahajjo koren?,greeting_meta
কেমন চলছে,greeting_meta
shubh ratri,greeting_meta
kichu kotha chhilo,greeting_meta
Can you chat in Banglish?,greeting_meta
apni ki ai system er developer?,greeting_meta
apni ki bangla bujhte paren?,greeting_meta
Good morning,greeting_meta
Helo bot,greeting_meta
apni kemon achen,greeting_meta
ami ki ekhane khabarer calorie korte parbo,greeting_meta
Apni ki kichu khete paren?,greeting_meta
How is it going?,greeting_meta
aslamualikum,greeting_meta
shuvo dupur,greeting_meta
thanks bro,greeting_meta
dhonobad,greeting_meta
ami apnake kicu jigges korte pari?,greeting_meta
What is your name?,greeting_meta
hello dost,greeting_meta
Thank you so much!,greeting_meta
Thank you so much,greeting_meta
good evening,greeting_meta
hallo,greeting_meta
Good night,greeting_meta
khobor ki,greeting_meta
"Hi, who made you?",greeting_meta
nam ki tomar,greeting_meta
What language do you understand?,greeting_meta
hello,greeting_meta
apnar porichoy deben?,greeting_meta
Namaste,greeting_meta
thanks,greeting_meta
shubh sandha,greeting_meta
ki khbor sabai,greeting_meta
whats your name,greeting_meta
assalamu alaikum bot,greeting_meta
apni ki amake চিনেন?,greeting_meta
good day,greeting_meta
tnx,greeting_meta
good job bot,greeting_meta
sahajjo chai,greeting_meta
Hello nutrition guide,greeting_meta
ami ki apni ke question korte pari?,greeting_meta
tumi ki amake diet plan dite parbe?,greeting_meta
tomar ki kono nam ache?,greeting_meta
Apni ki kono companyr toiri?,greeting_meta
kemon asen vai,greeting_meta
ami ki apnake shob question korte pari?,greeting_meta
good night bot,greeting_meta
kire ki obostha,greeting_meta
Are you doing well?,greeting_meta
who made you,greeting_meta
Are you a doctor?,greeting_meta
onek shukriya,greeting_meta
tumi ki shundor kore kothay bolte paro,greeting_meta
namoshkar,greeting_meta
tumi kemon aso,greeting_meta
Assalamu alaikum,greeting_meta
apnake banise ke?,greeting_meta
Apnar ki kono boyosh hoyeche?,greeting_meta
as-salamu alaikum bot,greeting_meta
thank you so much,greeting_meta
shukriya,greeting_meta
thanks a lot,greeting_meta
apni ki shob shomoy active thaken?,greeting_meta
Hello there,greeting_meta
Apni ki amar sathe kotha bolben?,greeting_meta
hi nutrition bot,greeting_meta
আপনি কেমন আছেন বোট?,greeting_meta
tata,greeting_meta
Good afternoon!,greeting_meta
What's up?,greeting_meta
apni ki koren,greeting_meta
apni ki banglay kotha bolte paren?,greeting_meta
apnar nam ki,greeting_meta
apni ki manush naki ai,greeting_meta
kmon acen,greeting_meta
Can you speak in Bangla?,greeting_meta
tmi ki korte paro,greeting_meta
What are you?,greeting_meta
sob thikthak?,greeting_meta
ajke kemon aso,greeting_meta
সলামু আলাইকুম,greeting_meta
Hi nutrition bot,greeting_meta
ki khobor apnar?,greeting_meta
apnar ki khobor,greeting_meta
dhyanabad,greeting_meta
ki obostha,greeting_meta
"Good morning, helper!",greeting_meta
hi there,greeting_meta
Salam alekum,greeting_meta
Salam dost,greeting_meta
Hi assistant,greeting_meta
Good afternoon,greeting_meta
সব ঠিকঠাক?,greeting_meta
dhonnobad apnake,greeting_meta
onek dhonnobad sahajjo korar jonno,greeting_meta
thanks a ton,greeting_meta
ki khbor,greeting_meta
hi bot,greeting_meta
great job,greeting_meta
Good morning nutrition bot,greeting_meta
Thanks,greeting_meta
apni ki ekjon doctor?,greeting_meta
apnar ki kono creator ache?,greeting_meta
assalamu alaikum nutrition bot,greeting_meta
Thanks a million,greeting_meta
সালামু আলাইকুম ভাইয়া,greeting_meta
hello nutrition friend,greeting_meta
Salam,greeting_meta
apnar porichoy deben please?,greeting_meta
Can you introduce yourself?,greeting_meta
নমস্কার,greeting_meta
ami apnake kicu jiggesh korte pari?,greeting_meta
ki ki jante parbo apnar kach theke,greeting_meta
আপনি কেমন আছেন ভাই?,greeting_meta
kemon achen,greeting_meta
"Hello there, nutrition assistant",greeting_meta
hi ai assistant,greeting_meta
Who are you?,greeting_meta
apni kothai thaken?,greeting_meta
allah hafez,greeting_meta
tumi ki AI?,greeting_meta
see you,greeting_meta
kemon asen sabai,greeting_meta
ki khobor,greeting_meta
ধন্যবাদ ভাইয়া,greeting_meta
ধন্যবাদ ভাই,greeting_meta
whats up,greeting_meta
ei suncho?,greeting_meta
apni ki AI?,greeting_meta
hey there,greeting_meta
Hi AI,greeting_meta
Apner nam ki?,greeting_meta
Thanks for help,greeting_meta
suprobhat,greeting_meta
thnx,greeting_meta
thanks so much,greeting_meta
কেমন আছেন,greeting_meta
Apnar ki kono pasondo ache?,greeting_meta
ki khobor bolen,greeting_meta
Hello friend,greeting_meta
apni ki artificial intelligence?,greeting_meta
ami ki apnar sathe banglay kotha bolte pari?,greeting_meta
Thanks a lot,greeting_meta
kire bot,greeting_meta
ki obostha bot,greeting_meta
tumi ki amar calorie count korte parbe?,greeting_meta
tumi ki kishur upokarita shob bolte paro?,greeting_meta
amar nam jante chan?,greeting_meta
can you help me with diet,greeting_meta
Assalamu alaikum nutritionist bhai,greeting_meta
salaam,greeting_meta
apnar sathe kotha bole bhalo laglo,greeting_meta
bhalo aso?,greeting_meta
হ্যালো বট ভাই,greeting_meta
namaste bot,greeting_meta
Tnx,greeting_meta
who are you,greeting_meta
hey nutrition guide,greeting_meta
অসংখ্য ধন্যবাদ ভাইয়া,greeting_meta
dhonnobad,greeting_meta
ki khabar,greeting_meta
Hi there!,greeting_meta
hey there nutrition assistant,greeting_meta
ki khbor bot,greeting_meta
ki korco,greeting_meta
ki shob korta paro apni,greeting_meta
Apni ki amar health niye sahajjo korte parben?,greeting_meta
kmn asen,greeting_meta
Hello nutrition bot,greeting_meta
hello nutrition assistant,greeting_meta
adaab,greeting_meta
namaskar,greeting_meta
assalamu alaikum,greeting_meta
What is your purpose?,greeting_meta
onek dhonnobad,greeting_meta
hi nutrition expert,greeting_meta
bot bhai kemon asen?,greeting_meta
good morning,greeting_meta
apni ki amake daily routine dite parben?,greeting_meta
kemon achen bhai,greeting_meta
Apnar ki kono naam ache?,greeting_meta
ki ki korte paren apni,greeting_meta
nm ki tmr,greeting_meta
What can you do for me?,greeting_meta
Apni ki kotha bolte paren?,greeting_meta
goodbye,greeting_meta
Apni ki manush naki bot?,greeting_meta
assalamu alaikum bhai,greeting_meta
hey,greeting_meta
how are you doing,greeting_meta
kemon acen apnara,greeting_meta
ei bot ki shob somoy kaj kore?,greeting_meta
shubho dupur,greeting_meta
assalamualikum,greeting_meta
as-salamu alaykum,greeting_meta
need help,greeting_meta
আসসালামু আলাইকুম,greeting_meta
namaskar bot,greeting_meta
আদাব,greeting_meta
tumi ki amake sahajjo korte parbe?,greeting_meta
ami tomar sathe kotha bolte cai,greeting_meta
kemon cholche sob,greeting_meta
Thx a lot,greeting_meta
kemon aso,greeting_meta
tumi ki manush?,greeting_meta
"bah, bhalo to",greeting_meta
Can you help me with my diet?,greeting_meta
ki obostha apnar,greeting_meta
amar ki sahajjo korte paren,greeting_meta
ki obostha bhai,greeting_meta
khoda hafez,greeting_meta
kichu sahojjo hobe,greeting_meta
assalamualaikum,greeting_meta
"Good evening, bot",greeting_meta
helo there,greeting_meta
good afternoon,greeting_meta
hello friend bot,greeting_meta
Hi nutrition assistant,greeting_meta
Hi nutritionist,greeting_meta
shubho ratri,greeting_meta
hello bot,greeting_meta
ki khobor bolun,greeting_meta
bhalo achen?,greeting_meta
hey bot,greeting_meta
what is your name,greeting_meta
How are you doing?,greeting_meta
bye bye,greeting_meta
thanks for the help,greeting_meta
helo,greeting_meta
kemon achi amra,greeting_meta
How do you do?,greeting_meta
salam niben,greeting_meta
apni ki ekhane royesen?,greeting_meta
ki khobor tomar,greeting_meta
Hey bot,greeting_meta
hy bot,greeting_meta
ami ki apnake ekti question korte pari?,greeting_meta
hello there,greeting_meta
shuvo ratri,greeting_meta
hey assistant,greeting_meta
apnake onek dhonnobad,greeting_meta
apnar nam ki?,greeting_meta
good night,greeting_meta
Good to see you,greeting_meta
ki khabor tumar,greeting_meta
Can you help me with diet?,greeting_meta
Good day,greeting_meta
শুভ সকাল,greeting_meta
Nomoshkar,greeting_meta
khub bhalo,greeting_meta
kemon achen apni?,greeting_meta
shubho shondha,greeting_meta
Good evening,greeting_meta
tumi kake help korte paro?,greeting_meta
shubho sokal,greeting_meta
কে বানাইছে তোমারে,greeting_meta
tumi kothkar bot?,greeting_meta
Apni ki shob language bujhen?,greeting_meta
ami ki apnake kichu jigges korte pari?,greeting_meta
amar kothay ki kono vul ase?,greeting_meta
what's up,greeting_meta
hello bhai,greeting_meta
hey nutrition bot,greeting_meta
আসসালামু আলাইকুম ভাইয়া,greeting_meta
what can you do,greeting_meta
ei bot ki fre te use kora jay?,greeting_meta
hey nutritionist,greeting_meta
Namaskar!,greeting_meta
Assalamu alaikum bot bhai,greeting_meta
Assalamu alaikum bot,greeting_meta
sup,greeting_meta
apni ki shob somoy active thaken?,greeting_meta
kemon cholche apnar,greeting_meta
কেমন আছেন আপনি?,greeting_meta
ajke kemon asen?,greeting_meta
train tracking app kon ta valo,out_of_scope
car insurance korar best company konti bangladesh a,out_of_scope
facebook id permanent delete korbo kivabe,out_of_scope
wifi router er password change korar system ki,out_of_scope
amar ctc er ac kaj korche na,out_of_scope
Who painted the Mona Lisa?,out_of_scope
ajker sheyar bazar er obostha ki,out_of_scope
fifa world cup 2026 er final match kothay hobe,out_of_scope
What is the tallest building in the world?,out_of_scope
Who is the current Prime Minister of the UK?,out_of_scope
air conditioner remote settings tips,out_of_scope
play a song for me,out_of_scope
How to tie a necktie properly,out_of_scope
youtube monetization er shortcut ase ki,out_of_scope
amar phone er charge thake na beshikhon,out_of_scope
গান শোনাও তো একটা,out_of_scope
daraz theke ki vabe product cancel korbo,out_of_scope
how to apply for a new passport online in bangladesh,out_of_scope
youtube channel kivabe monetize kore,out_of_scope
python diye kivabe calculator banabo,out_of_scope
wifi password change korbo kivabe,out_of_scope
national poet of bangladesh name,out_of_scope
pasport er status check korbo kivabe,out_of_scope
nsu admission test er date kobe,out_of_scope
wifi er speed baranor kisu tricks dao,out_of_scope
facebook e video upload korle view ase na ken,out_of_scope
How to learn guitar chords easily?,out_of_scope
youtube channel create korar niyom,out_of_scope
facebook story download korbo kivabe,out_of_scope
bike er license kivabe banabo,out_of_scope
english bolte parchi na fluency anar upay ki,out_of_scope
facebook id deactivate korar upay ki,out_of_scope
"basar gas cylinder sesh, new cylinder kivabe order korbo",out_of_scope
coxs bazar jawar valo hotel er nam bolen,out_of_scope
amar laptop a net connect hocche na keno,out_of_scope
english theke arabic translation dao,out_of_scope
How to change Facebook password,out_of_scope
youtube a video upload korar correct niyom ki,out_of_scope
bkash account er pin reset korbo kivabe?,out_of_scope
dhaka university admission circular kobe dibe,out_of_scope
facebook group hide korar niyom ki,out_of_scope
wifi bill dibo kivabe online theke,out_of_scope
amar laptop ta on hocche na keno,out_of_scope
english theke bangla translate korar best app konti,out_of_scope
electricity bill online pay korar niyom,out_of_scope
wifi router er password change korar niyom ki?,out_of_scope
Write a c++ program to find prime numbers,out_of_scope
train er schedule check korar app ki?,out_of_scope
gmail er password bhule gese recover korbo ki vabe,out_of_scope
freelancing e kon sector e valo income kora jay?,out_of_scope
youtube short video upload korar niyom ki?,out_of_scope
smart card ki vabe pabo,out_of_scope
national anthem of bangladesh lyrics,out_of_scope
amar car er tyre puncture hoye gese ki korbo,out_of_scope
Who is the current Prime Minister of Bangladesh?,out_of_scope
youtube channel er name change korbo kivabe,out_of_scope
"amar national ID card e name vul asche, correction korbo kivabe",out_of_scope
amar phone er memory full hoye geche,out_of_scope
daraz helpline number koto,out_of_scope
bangladesh vs india cricket match kobe ar kothay hobe,out_of_scope
dhaka metro rail er ticket price koto,out_of_scope
amar phone ta hothat off hoye jacche keno,out_of_scope
amar Gmail account er password change korbo kivabe,out_of_scope
youtube e channel art kivabe upload kore?,out_of_scope
Who wrote the book 'Pather Panchali'?,out_of_scope
bkash statement kivabe dekhe,out_of_scope
daraz e emi te product kinbo kivabe,out_of_scope
What is photosynthesis?,out_of_scope
amar phone er brightness nij theke kome jay,out_of_scope
dhaka to sylhet train ticket kine kivabe?,out_of_scope
facebook page kivabe boost korbo,out_of_scope
youtube channel monetize korar condition ki ki,out_of_scope
amar email a spam mail asha bondho korbo kivabe,out_of_scope
আজকে ঢাকার আবহাওয়া কেমন?,out_of_scope
amar phone er gallery theke photo delete hoye gese recover korbo ki vabe,out_of_scope
amar laptop e net connect hocche na keno,out_of_scope
"amar email address ta keu hack kore felse, ki korbo",out_of_scope
Tell me a funny joke,out_of_scope
bKash app update korbo kivabe,out_of_scope
amar facebook account e 2 step verification enable korbo kivabe,out_of_scope
youtube e subscribe korbo ki vabe,out_of_scope
facebook group kivabe delete kore,out_of_scope
YouTube theke video download korar valo app konta,out_of_scope
amar laptop a Bluetooth connect hocche na,out_of_scope
amar router er admin panel login korbo kivabe,out_of_scope
youtube video download korar valo app kon ta,out_of_scope
ajker weather kemon thakbe,out_of_scope
instagram e follower barabo kivabe,out_of_scope
national ID card correction application,out_of_scope
biye bari te ki gift dewa jay,out_of_scope
how to fix a leaking tap,out_of_scope
bkash app theke mobile recharge korbo kivabe,out_of_scope
How to cure a squeaky door hinge,out_of_scope
amar bike er engine oil change korar somoy hoise kina bujbo kivabe,out_of_scope
instagram account delete korbo kivabe?,out_of_scope
bkash app e login hocche na keno,out_of_scope
How to write a leave application for office,out_of_scope
english e fluently kotha bolar tips dao,out_of_scope
"amar phone er storage full hoye geche, ki korbo?",out_of_scope
daraz theke ki vabe kisti te jinish kena jay,out_of_scope
kolkata theke dhaka asar aeroplane ticket price koto,out_of_scope
instagram account private korbo kivabe,out_of_scope
shundarban e kothay ghurte jabo?,out_of_scope
national museum kobe khola thake,out_of_scope
train ticket refund korar rules,out_of_scope
how to learn python programming,out_of_scope
ajker gold er price koto bori,out_of_scope
amar email address ta ki vabe change korbo,out_of_scope
train er ticket katar rules ki,out_of_scope
wifi connection barite ki bhabe lagabo,out_of_scope
electricity bill online check korar niyom ki?,out_of_scope
facebook page er name change korbo kivabe,out_of_scope
bkash send money charge koto,out_of_scope
amar email address ta ki vabe recover korbo?,out_of_scope
gmail password reset korbo kivabe,out_of_scope
english grammar sikhbar bhalo app kon ta,out_of_scope
How to remove water damage from a phone,out_of_scope
"bkash e limit sesh hoye gese, limit barabo kivabe",out_of_scope
instagram id kivabe deactivate korbo,out_of_scope
national ID card correction korar niyom ki,out_of_scope
How do I reset my Windows 10 password?,out_of_scope
Suggest a good action movie to watch tonight,out_of_scope
python diye kivabe website banay,out_of_scope
ajke ki bristi hobe dhaka te?,out_of_scope
Who won the BPL match yesterday?,out_of_scope
what is the weather today in dhaka,out_of_scope
bkash pin bhule gechi ki korbo,out_of_scope
What is the speed of light?,out_of_scope
train er seat plan dekhar niam ki,out_of_scope
nid card er status kivabe dekhe,out_of_scope
how many planets are in our solar system,out_of_scope
facebook page boost korar cost koto,out_of_scope
daraz e order cancel korar niyom ki,out_of_scope
bkash app a log in hocche na,out_of_scope
What is the largest planet in our solar system?,out_of_scope
banglalink sim a emergency balance nibo kivabe,out_of_scope
wifi password kivabe change korbo,out_of_scope
english bolte parsi na ki korbo,out_of_scope
router er ip address ki,out_of_scope
amar passport renewal korar jonno ki ki kagoj lagbe,out_of_scope
amar facebook post kivabe hide korbo,out_of_scope
amar phone er screen ta fete geche,out_of_scope
amar passport renewal er jonno ki ki kagoj lagbe,out_of_scope
"amar facebook id ta hack hoye geche, ki korbo",out_of_scope
national id card correction korbo ki kore,out_of_scope
facebook er security kivabe barabo,out_of_scope
traffic fine kibabe online e pay korbo,out_of_scope
amar bike er engine oil change korte hobe,out_of_scope
biman ticket price check korar niyom ki,out_of_scope
Play a game with me,out_of_scope
Write an essay on global warming,out_of_scope
shundarban tour er package price koto,out_of_scope
HSC exam er result kobe dibe,out_of_scope
wifi speed baranor upaye ki,out_of_scope
netflix subscription cost koto bangladesh e?,out_of_scope
amar bikash account theke taka send money hocche na keno,out_of_scope
amar fb id ta hack hoye gece ki korbo,out_of_scope
What is the boiling point of gold?,out_of_scope
amar facebook password bhule gesi recover korbo ki vabe,out_of_scope
air conditioner er remote kaj korche na,out_of_scope
bkash a send money charge free kibabe pabo?,out_of_scope
wifi router er speed baranor upay,out_of_scope
youtube video download korar bhalo app ki,out_of_scope
wifi speed test korbo kivabe,out_of_scope
amar NID card er number ta ki vabe pabo,out_of_scope
ajker match e ke jitlo,out_of_scope
traffic jam theke bachar upay ki,out_of_scope
english theke bangla translation korar valo website ki,out_of_scope
laptop a screenshot neyar shortcut ki?,out_of_scope
pikachu kon cartoon er character,out_of_scope
daraz voucher code pabo kothay,out_of_scope
youtube channel monetize korar rules ki ki,out_of_scope
eid er holiday koidin hobe jana thakle bolben,out_of_scope
basar AC ta thanda hocche na,out_of_scope
cv kivabe banabo tar kichu tips dao,out_of_scope
Write a python script to sort a list,out_of_scope
nid card er copy online theke kivabe namabo,out_of_scope
kolkata jawar tourist visa kivabe pabo,out_of_scope
amar email a verification code asche na keno,out_of_scope
freelancing shuru korar niyom ki,out_of_scope
cox's bazar jawar bhalo hotel kon gulo,out_of_scope
bkash cash out charge koto aktuelle,out_of_scope
router er light red jholmol korche keno?,out_of_scope
bkash pin reset korbo ki vabe,out_of_scope
router er light blinks korche keno,out_of_scope
wifi er password change korbo kivabe,out_of_scope
bkash theke bank account a taka pathabo kivabe,out_of_scope
What is the chemical formula for salt?,out_of_scope
national ID card online a download korbo kivabe,out_of_scope
amar phone a otg connect hocche na,out_of_scope
dhaka theke sylhet train er ticket ki vabe katbo,out_of_scope
bkash app theke mobile recharge kivabe kore,out_of_scope
How to learn guitar chords for beginners,out_of_scope
kal ki office khola thakbe,out_of_scope
How to tie shoelaces stylishly,out_of_scope
english theke bangla dictionary app suggest koro,out_of_scope
youtube video kivabe edit kore,out_of_scope
bkash a send money charge koto,out_of_scope
english vocabulary strong korar app name bolen,out_of_scope
bkash theke nagad e taka pathabo kivabe,out_of_scope
bkash send money limit koto,out_of_scope
bkash app update hocche na keno,out_of_scope
How do black holes form?,out_of_scope
amar gmail password mone nei,out_of_scope
daraz theke order kivabe cancel kore,out_of_scope
Who wrote the book Hamlet?,out_of_scope
instagram a followers baranor kisu tips dao,out_of_scope
dhaka university admission circular kobe dibe?,out_of_scope
dhaka to cox's bazar bus ticket price guli koto,out_of_scope
pasport renewal er jonno ki ki kagoj lage,out_of_scope
ei gaan tar singer er nam ki,out_of_scope
facebook dark mode on korbo kivabe,out_of_scope
bangladesh vs australia cricket match kobe,out_of_scope
daraz a refund kivabe claim kore,out_of_scope
national museum kothay obosthito,out_of_scope
passport office agargaon jabo kivabe,out_of_scope
laptop a microsoft office install korbo kivabe,out_of_scope
How to solve Rubik's cube fast?,out_of_scope
taka ki vabe bkash e send korbo,out_of_scope
daraz e new account khulbo ki vabe,out_of_scope
আজকে কিবার ভাই?,out_of_scope
instagram e story diye music add korbo kivabe,out_of_scope
amar router er wifi password change korbo ki vabe,out_of_scope
ajker newspaper er headline gulo ki ki,out_of_scope
amar phone er memory full hoye jay bar bar,out_of_scope
amar birth certificate online e pabo ki vabe,out_of_scope
facebook e new page khulbo kivabe?,out_of_scope
daraz theke order cancel kivabe kore,out_of_scope
What is the distance from Dhaka to Sylhet?,out_of_scope
english speaking practice korar kono site ase ki,out_of_scope
আজকে ঢাকার আবহাওয়া কেমন থাকবে?,out_of_scope
english vocabulary baranor upai ki?,out_of_scope
dhaka city bus route list pabo kothay,out_of_scope
amar facebook id ta hack hoye geche,out_of_scope
amar bike er engine oil change korar somoy hoyse ki na bujbo kivabe,out_of_scope
google drive e file upload korbo kivabe,out_of_scope
passport renewal korar jonno ki ki kagoj lage?,out_of_scope
Dhaka to Cox's Bazar bus ticket price koto,out_of_scope
bkash statement kivabe download korbo,out_of_scope
train ticket kivabe kine online e,out_of_scope
sheikh mujibur rahman biography short,out_of_scope
youtube video background e play korar upai ki?,out_of_scope
facebook messenger update hocche na,out_of_scope
daraz e account khulbo kivabe,out_of_scope
dhaka to sylhet train schedule,out_of_scope
bKash app update korar por open hocche na,out_of_scope
gmail account kivabe khulte hoy,out_of_scope
bkash theke nagad e taka pathabo kivabe?,out_of_scope
youtube premium kivabe kinbo,out_of_scope
facebook e nam change korbo ki vabe,out_of_scope
"fb id hack hoye geche, recover korbo ki vabe?",out_of_scope
ki vabe passport er jonno apply korbo,out_of_scope
jalalabad fort kothay ase,out_of_scope
daraz order cancel korbo ki vabe,out_of_scope
amar android phone slow hoye geche ki korbo,out_of_scope
"amar laptop er password vule gechi, ki korbo?",out_of_scope
bkash er customer care number koto,out_of_scope
sheikh hasina national institute of burn and plastic surgery kothay obosthito,out_of_scope
sheikh mujibur rahman er jonmo tarikh kobe,out_of_scope
grameenphone helpline number koto,out_of_scope
nid card a name correction korbo kivabe,out_of_scope
Bangladesh vs India cricket match kobe,out_of_scope
How does gravity work?,out_of_scope
daraz theke order korle koto din e delivery paye,out_of_scope
laptop er battery beshi der thake na keno,out_of_scope
english grammar er tense koto prokar o ki ki,out_of_scope
english theke bangla translation korar valo app ki?,out_of_scope
What is the formula for calculating kinetic energy?,out_of_scope
facebook er name change korar niyom ki,out_of_scope
facebook marketplace a product sell korbo ki vabe,out_of_scope
instagram id deactivate korbo kivabe,out_of_scope
daraz e order korar por kivabe track korbo?,out_of_scope
shares ki vabe kine bolben,out_of_scope
dhaka to sylhet train ticket kine kivabe,out_of_scope
instagram account deactivate korbo kivabe,out_of_scope
bkash theke nagad a taka pathanor niyom ki,out_of_scope
bkash app er password vule gechi,out_of_scope
instagram account hack hoye gese ki korbo,out_of_scope
joy bangla slogan ta ki prothom dewa hoyechilo,out_of_scope
router er password bhule gechi ki korbo,out_of_scope
instagram account deactivate korar niyom,out_of_scope
passport office er emergency helpline number koto,out_of_scope
bkash bill pay korar niyom ki,out_of_scope
bkash pin reset korar niyom ki,out_of_scope
youtube video upload korar correct niyom ki,out_of_scope
"ami ekta python code likhbo, error ki kore fix korbo?",out_of_scope
biman Bangladesh airlines customer care number,out_of_scope
bangladesh er current prime minister ke,out_of_scope
amar laptop slow hoye gese ki korbo,out_of_scope
daraz e product return korar process ki?,out_of_scope
daraz hotline number dao,out_of_scope
facebook messenger theme change korbo kivabe?,out_of_scope
train er ticket katar online system ki,out_of_scope
How to reset a forgotten Windows password,out_of_scope
bkash a money add korbo kivabe,out_of_scope
ajker gold rate in bangladesh,out_of_scope
facebook page boost korar niyom ki,out_of_scope
pathao ride share kivabe book kore,out_of_scope
best sci-fi movies of all time list,out_of_scope
dhaka university er admission circular ki dise,out_of_scope
shundarban kothay obosthito,out_of_scope
what is the distance between earth and mars,out_of_scope
english spelling checker bhalo kon website,out_of_scope
nid card correction korar jonno ki korio?,out_of_scope
youtube channel er logo change korbo kivabe,out_of_scope
How does an airplane fly?,out_of_scope
Who invented the telephone?,out_of_scope
daraz er helpline number koto,out_of_scope
dhaka airport er contact number koto,out_of_scope
graphic design sikhbo kivabe free te,out_of_scope
youtube thumbnail banabor valo app ki,out_of_scope
youtube video r background noise remove korbo ki vabe,out_of_scope
motorcycle er driving license er jonno online apply korbo ki vabe?,out_of_scope
amar phone er camera kaj korche na keno,out_of_scope
dhaka to chittagong air ticket price koto,out_of_scope
ki vabe youtube theke video download korbo,out_of_scope
jalalabad gas bill online pay korar system ki?,out_of_scope
bkash a money send korbo kivabe,out_of_scope
what is artificial intelligence in simple words,out_of_scope
daraz e review dibo ki vabe,out_of_scope
youtube theke video kivabe download kore?,out_of_scope
Can you translate this paragraph into French?,out_of_scope
amar laptop er webcam kaj korche na,out_of_scope
amar bike er engine oil kobe change korte hobe?,out_of_scope
wifi slow hoye geche keno bolte paren?,out_of_scope
bikroy.com a add kivabe post korbo,out_of_scope
sheikh hasina ekhon kothay ase,out_of_scope
bkash a money add korbo ki vabe,out_of_scope
bangladesh premier league final match kobe,out_of_scope
flight delay hole ki koriyo,out_of_scope
bangladesh vs australia cricket match kobe?,out_of_scope
facebook market place a kivabe jinish bikri kore,out_of_scope
dhaka theke sylhet train er schedule dao,out_of_scope
What is the chemical formula of water?,out_of_scope
amar facebook id keo hack korse ki korbo,out_of_scope
uttara theke motijheel metro rail vata koto,out_of_scope
Bangladesh e ki ekhon sotti e winter season choltese,out_of_scope
daraz order track korbo ki vabe,out_of_scope
bkash pin change korar code ki,out_of_scope
basar wifi slow hoye gese ki korbo,out_of_scope
amar phone a net chole na keno,out_of_scope
how to tie a tie step by step,out_of_scope
laptop er ram upgrade korar cost koto bangladesh a,out_of_scope
What causes earthquakes?,out_of_scope
Who directed the movie Titanic,out_of_scope
daraz theke ki vabe refund pabo,out_of_scope
amar phone er screen a dark spot porese,out_of_scope
national ID card online theke download korbo kivabe,out_of_scope
bkash a cash out korar niyom ki,out_of_scope
What is the capital of Australia?,out_of_scope
