id,fct_code,name_en,name_bn,name_banglish,category,calories_100g,protein_g_100g,fat_g_100g,carbs_g_100g,fiber_g_100g,portion_local,portion_grams,glycemic_class,condition_flags,verified,review_portion_ok,review_glycemic_ok,review_flags_ok,review_comment
bhat_boiled,01_0037,"Rice, BR-28, boiled (without salt)",ভাত,shaada bhat|shhada bhat|saada bhat|shada bhat|sada bhat|shada vat|sada vat|bhaaat|baath|bhaat|reece|riche|vaaat|bath|bhat|rice|ryce|vaat|vat,cereal,109,2.1,0.1,24.3,1.1,1 plate,250,high,diabetes_caution,yes,,,,
bhat_atop_boiled,01_0041,"Rice, white, sunned, polished, boiled",আতপ ভাত,poleeshed rice|polished riche|polishhed rice|polished rice|polyshed rice|polised rice|aatop bhat|aatop chal|atop chhal|atop bhat|atop chal|atop cal|atop vat,cereal,111,2.1,0.1,24.8,1.0,1 plate,250,high,diabetes_caution,yes,,,,
bhat_lal_boiled,01_0039,"Rice, brown, parboiled, milled, boiled",লাল চালের ভাত,brown reece|brown riche|brown rice|brown ryce|laal bhat|laal chal|lal chhal|red reece|red riche|lal bhat|lal chal|red rice|red ryce|lal cal|lal vat,cereal,112,2.5,0.8,23.2,1.2,1 plate,250,medium,,yes,,,,
bhat_sugondhi_boiled,01_0040,"Rice, white, sunned, aromatic, boiled",সুগন্ধি ভাত,aaromatic rice|aromateec rice|aromatich rice|shugondhi bhat|soogondhi bhat|sughondhi bhat|sugondhee bhat|sugondhi bhaat|aromatic rice|aromatyc rice|sugondhi bhat|sugondhy bhat|sugondhi vat|polaao chal|polao chhal|polao chal|polao cal,cereal,110,2.2,0.2,24.4,1.0,1 plate,250,high,diabetes_caution,yes,,,,
chal_br28_raw,01_0012,"Rice, BR-28, parboiled, milled, raw",চাল,raaw rice|raw reece|raw riche|raw rice|raw ryce|chaaal|chhaal|chaal|chhal|caal|chal|cal,cereal,344,6.5,0.4,76.8,3.4,1 cup,180,high,diabetes_caution,yes,,,,
ruti,01_0042,Ruti (wheat flatbread),রুটি,aatta ruti|atta rooti|atta rutee|aata ruti|ata rooti|ata rutee|atta ruti|atta ruty|ata ruti|ata ruty|chaapati|chapatee|chhapati|chapati|chapaty|capati|rootee|rooti|rooty|rotee|rutee|roti|roty|ruti|ruty,cereal,246,7.5,1.2,49.7,3.1,1 piece,40,medium,,yes,,,,
muri,01_0023,"Rice, puffed, salted",মুড়ি,pooffed rice|puffed reece|puffed riche|puffed rice|puffed ryce|mooree|moodi|moori|moory|mudee|muree|mudi|mudy|muri|mury,cereal,361,6.7,0.1,82.7,1.4,1 bowl,30,high,diabetes_caution,yes,,,,
khoi,01_0022,"Rice, popped",খই,popped reece|popped riche|popped rice|popped ryce|khhoi|khhoy|khoee|khoi|khoy|koi|koy,cereal,380,7.1,0.1,87.0,1.4,1 bowl,30,high,diabetes_caution,yes,,,,
chira,01_0010,"Rice, flaked",চিড়া,flaattened rice|flattened reece|flattened riche|flattened rice|flattened ryce|flaaked rice|flaked reece|flaked riche|flakhed rice|flaked rice|flaked ryce|cheeraa|cheerra|chheera|chhirra|chirraa|cheeda|cheera|chhida|chhira|chidaa|chiraa|chirra|chyrra|ceera|chida|chira|chyda|chyra|cirra|cida|cira,cereal,356,6.5,1.1,79.2,1.3,1 bowl,50,high,,yes,,,,
chira_veja,01_0011,"Rice flakes, water-soaked",ভেজা চিড়া,shoaked chira|soaaked chira|soaked cheera|soaked chhira|soakhed chira|bheeja chira|bhija chhira|bhijaa chira|soaked chira|soaked chyra|bheja chira|bhija chira|bhiza chira|bhyja chira|soaked cira|veja cheera|veja chhira|vejaa chira|bhija cira|veja chira|veja chyra|veza chira|vija chira|veja cira,cereal,105,2.0,0.3,23.0,0.9,1 bowl,150,medium,,yes,,,,
khichuri,01_0035,Plain khichuri,খিচুড়ি,kheechuree|khhichuree|khichhuree|khichooree|kheechudi|kheechuri|khhichudi|khhichuri|khichhudi|khichhuri|khichoodi|khichoori|khichuree|khychuree|keechuri|kheechdi|khhichdi|khichhdi|khichudi|khichuri|khicuree|khychudi|khychuri|kichhuri|kichoori|kichuree|khichdi|khicudi|khicuri|khychdi|kichudi|kichuri|kychuri|khicdi|kichdi|kicuri,cereal,163,5.1,7.4,17.7,2.5,1 plate,250,medium,,yes,,,,
pulao,01_0036,Plain pulao,পোলাও,peelaf|pilaaf|polaao|polaau|polaoo|poolao|poolaw|pulaao|pulaaw|pilaf|polao|polau|pulao|pulaw|pylaf,cereal,128,2.2,2.3,24.1,1.1,1 plate,250,high,diabetes_caution,yes,,,,
semai_boiled,01_0043,"Vermicelli, boiled (without salt)",সেমাই,bhermicelli|vermeecelli|vermichelli|vermicelli|vermycelli|shemaai|shemaee|shhemai|semaai|semaee|shemai|shemay|semai|semay,cereal,151,3.9,0.3,32.6,1.4,1 bowl,150,high,diabetes_caution,yes,,,,
semai_raw,01_0029,"Vermicelli, wheat, raw",কাঁচা সেমাই,kaacha semai|kacha semaee|kacha shemai|kachha semai|khacha semai|kacha semai|kacha semay|dry semaai|dry semaee|dry shemai|kaca semai|dri semai|dry semai|dry semay,cereal,347,8.9,0.6,74.9,3.2,1 cup,100,high,,yes,,,,
suji,01_0026,"Semolina, wheat, raw",সুজি,semoleena|semolinaa|shemolina|semolina|semolyna|shooji|soojee|shuji|sooji|soojy|soozi|sujee|suji|sujy|suzi,cereal,346,10.9,1.4,70.6,3.9,1 cup,100,medium,,yes,,,,
atta,01_0030,"Wheat flour, brown, whole grain",আটা,wheaat flour|wheat flooor|wheat flour|aatta|aata|atta|ata,cereal,334,11.3,2.1,62.2,10.7,1 cup,120,medium,,yes,,,,
maida,01_0032,"Wheat flour, white, refined",ময়দা,wheete flour|white flooor|white flour|whyte flour|maaida|maeeda|moydaa|maida|mayda|moida|moyda,cereal,346,9.8,1.0,73.1,2.7,1 cup,120,high,diabetes_caution,yes,,,,
pawruti,01_0003,"Bread, white, for toasting",পাউরুটি,wheete bread|white breaad|white bread|whyte bread|paauruti|paawruti|paooruti|paurutee|pawrooti|pawrutee|pauruti|pauruty|pawruti|pawruty,cereal,272,8.0,1.4,55.6,2.5,1 slice,30,high,diabetes_caution,yes,,,,
bonruti,01_0002,"Bread, bun/roll",বনরুটি,bonrooti|bonrutee|bonruti|bonruty|boon|roll|bun,cereal,270,8.8,2.8,50.9,2.8,1 piece,50,high,,yes,,,,
misti_biscuit,01_0034,"Biscuit, sweet",মিষ্টি বিস্কুট,meesti biscuit|mishti biscuit|misti bischuit|misti biscooit|shweet biscuit|sweet beescuit|sweet bischuit|sweet biscooit|misti biscuit|mysti biscuit|sweet biscuit|sweet byscuit|swit biscuit|beescuit|bischuit|biscooit|bishcuit|biscuit|byscuit,cereal,344,5.8,10.0,56.7,2.4,3 pieces,30,high,diabetes_caution,yes,,,,
bhutta_kancha,01_0028,"Sweet corn, yellow, on the cob, raw",কাঁচা ভুট্টা,shweet corn|sweet chorn|sweet corn|swit corn|bhootta|bhuttaa|bhutta|vootta|vuttaa|chorn|vutta|corn,cereal,147,3.5,1.4,28.7,2.8,1 cob,100,medium,,yes,,,,
popcorn,01_0009,"Popcorn, maize (salt added)",পপকর্ন,pop chorn|pop corn|popchorn|popcorn,cereal,328,10.0,3.1,58.6,12.9,1 bowl,25,medium,,yes,,,,
gom,01_0033,"Wheat, whole, raw",গম,wheaat|wheat|ghom|gom,cereal,344,11.2,2.9,62.0,12.2,1 cup,120,low,,yes,,,,
jaab,01_0001,"Barley, whole-grain, raw",যব,baarley|barlei|barley|jaaab|jaab|zaab|jab|job|zob,cereal,324,10.9,2.2,56.4,17.3,1 cup,100,low,,yes,,,,
chaler_kura,01_0019,"Rice bran, raw",চালের কুঁড়া,chaaler kura|chaler khura|chaler koora|chhaler kura|chaler kura|caler kura|reece bran|rice braan|riche bran|rice bran|ryce bran,cereal,398,13.4,20.9,28.6,21.0,2 tbsp,20,low,,yes,,,,
mosur_dal_boiled,02_0015,"Lentil, boiled (without salt)",মসুর ডাল,moshoor dal|mosoor daal|maasur dal|mashur dal|masoor dal|moosur dal|moshur dal|mosoor dal|mosur daal|mushur dal|musur daal|masur dal|mosur dal|musur dal|lenteel|lentil|lentyl|daaal|daahl|daal|dahl|dal,pulse,155,13.6,0.4,21.2,6.5,1 bowl,150,low,,yes,,,,
mosur_dal_raw,02_0008,"Lentil, dried, raw",কাঁচা মসুর ডাল,kaacha mosur dal|kacha moshur dal|kacha mosoor dal|kachha mosur dal|khacha mosur dal|kacha mosur dal|kaca mosur dal|dry lenteel|dri lentil|dry lentil|dry lentyl,pulse,317,27.7,0.8,43.2,13.2,1 cup,100,low,,yes,,,,
mung_dal_boiled,02_0013,"Green gram, split, boiled (without salt)",মুগ ডাল,moong daal|moongh dal|moog daal|moogh dal|moong dal|mung daal|mungh dal|moog dal|moongdal|mug daal|mugh dal|mung dal|mungdaal|munghdal|mug dal|mungdal,pulse,161,10.9,0.5,28.1,0.3,1 bowl,150,low,,yes,,,,
mung_dal_raw,02_0005,"Green gram, split, dried, raw",কাঁচা মুগ ডাল,kaacha mung dal|kacha moong dal|kacha mungh dal|kachha mung dal|khacha mung dal|kacha mung dal|kaca mung dal|dry moongh|dri moong|dry moong|dry mung,pulse,351,23.7,1.2,60.9,0.7,1 cup,100,low,,yes,,,,
khesari_boiled,02_0014,"Grass pea, split, boiled (without salt)",খেসারি ডাল,kheshaari dal|khesharee dal|kheshhari dal|khheshari dal|khesaari dal|khesaree dal|kheshari dal|kheshary dal|khhesari dal|keshari dal|khesari dal|khesary dal|kesari dal,pulse,142,11.4,0.4,22.8,0.9,1 bowl,150,low,,yes,,,,
chola_boiled,02_0012,"Bengal gram, whole, boiled (without salt)",ছোলা,cheeckpea|chhickpea|chholabut|chickhpea|chickpeaa|cholaabut|cholaboot|chickpea|cholabut|chyckpea|chhhola|chholaa|chholla|chollaa|cickpea|colabut|chaana|chhana|chhola|cholaa|cholla|chana|chola|colla|cana|cola,pulse,182,10.6,3.1,23.3,9.1,1 bowl,100,low,,yes,,,,
cholar_dal,02_0001,"Bengal gram, dehulled, split, dried, raw",ছোলার ডাল,chholar dal|cholaar dal|chaana dal|chhana dal|cholar dal|chana dal|colar dal|cana dal,pulse,375,20.2,6.0,59.2,1.2,1 cup,100,low,,yes,,,,
maskalai_dal,02_0004,"Black gram, split, dried, raw",মাসকলাই ডাল,blaack gram|blachk gram|black ghram|blackh gram|black gram|kaalai dal|kalaee dal|khalai dal|maashkalai|mashhkalai|mashkalaee|mashkhalai|kalai dal|kalay dal|maaskalai|mashkalai|mashkalay|maskalaee|maskhalai|maskalai|maskalay,pulse,350,22.6,1.2,61.8,0.9,1 cup,100,low,,yes,,,,
motor_boiled,02_0016,"Pea, boiled (without salt)",মটর,motor daal|motor dal|dry peaa|dri pea|dry pea|motor,pulse,170,11.5,1.1,25.2,6.8,1 bowl,150,low,,yes,,,,
arhar_dal,02_0010,"Red gram, split, dried, raw",অড়হর ডাল,aarhar dal|arhar dal|toor daal|toor dal|aarahar|tur dal|arahar,pulse,347,22.3,1.5,60.4,1.5,1 cup,100,low,,yes,,,,
soyabean,02_0011,"Soybean, dried, raw",সয়াবিন,gaari kalai|garee kalai|gari khalai|ghari kalai|gari kalai|gary kalai|shoyabean|soyaabean|shoybean|soiabean|soyabean|soybeaan|soibean|soybean,pulse,424,32.9,19.9,23.6,9.3,1 cup,100,low,,yes,,,,
begun_boiled,03_0033,"Brinjal, purple, long, boiled (without salt)",বেগুন,eggplaant|eghgplant|breenjal|brinjaal|eggplant|baaigun|baeegun|baighun|baigoon|beghoon|beghuun|begooun|brinjal|brinzal|brynjal|baigun|baygun|beghun|begoon|beguun|begun,vegetable,26,2.1,0.1,2.1,4.4,1 bowl,100,low,,yes,,,,
korola_boiled,03_0047,"Bitter gourd, boiled (without salt)",করলা,beetter gourd|bitter ghourd|bitter gooord|bitter gourd|bytter gourd|chorolla|corollaa|khorolla|korollaa|corolla|kaarela|kharela|khorela|khorola|korelaa|korolaa|korolla|karela|korela|korola,vegetable,35,2.3,0.4,4.1,3.0,1 bowl,100,low,,yes,,,,
korola_fried,03_0048,"Bitter gourd, fried",করলা ভাজি,khorola bhaji|korola bhajee|korolaa bhaji|khorola vaji|korola bhaji|korola bhajy|korola bhazi|korola vajee|korolaa vaji|khorola fry|korola vaji|korola vajy|korola vazi|korolaa fry|korola fri|korola fry,vegetable,130,3.1,9.1,7.1,4.1,1 bowl,100,low,,yes,,,,
dheros_boiled,03_0040,"Okra, boiled (without salt)",ঢেঁড়স,laadies finger|ladeees finger|ladies fingher|ladiesh finger|ladies finger|ladyes finger|dheroshh|dherosh|dheros|okhra|okraa|okra,vegetable,32,1.7,0.1,4.7,2.5,1 bowl,100,low,,yes,,,,
dheros_tomato_bhuna,03_0046,Lady's finger-tomato bhuna,ঢেঁড়স টমেটো ভুনা,dheros tomaato bhuna|dheros tomato bhoona|dherosh tomato bhuna|dheros tomato bhuna|dheros tomato vuna|okhra bhuna|okra bhoona|okraa bhuna|okra bhuna|okra vuna,vegetable,127,3.4,7.4,9.0,5.0,1 bowl,100,low,,yes,,,,
lau,03_0017,"Bottle gourd, raw",লাউ,bottle ghourd|bottle gooord|bottle gourd|laauki|laooki|laukee|laukhi|lauki|lauky|laau|laoo|lau,vegetable,34,1.1,0.1,6.8,0.6,1 bowl,100,low,,yes,,,,
potol_boiled,03_0038,"Pointed gourd, boiled (without salt)",পটল,poeented gourd|pointed ghourd|pointed gooord|pointed gourd|poynted gourd|potaal|potal|potol,vegetable,28,2.3,0.4,2.5,2.5,1 bowl,100,low,,yes,,,,
kakrol_boiled,03_0039,"Teasle gourd, boiled (without salt)",কাঁকরোল,teaasle gourd|teashle gourd|teasle ghourd|teasle gooord|teasle gourd|kaakrol|kaakrul|kakrool|khakrol|khakrul|kakrol|kakrul,vegetable,69,2.2,0.5,13.4,1.3,1 bowl,100,medium,,yes,,,,
jhinga,03_0019,"Ridge gourd, raw",ঝিঙা,reedge gourd|ridge gooord|ridghe gourd|ridge gourd|rydge gourd|jheenga|jheenge|jhingaa|jhingha|jhinghe|jhinga|jhinge|jhynga|jhynge|zhinga|zhinge,vegetable,29,1.3,0.4,4.6,1.1,1 bowl,100,low,,yes,,,,
chichinga,03_0020,"Snake gourd, raw",চিচিঙ্গা,shnake gourd|snaake gourd|snake ghourd|snake gooord|snakhe gourd|snake gourd|cheechinga|cheechinge|chhichinga|chhichinge|chichingaa|chichingha|chichinghe|chichinga|chichinge|chychinga|chychinge|cichinga|cichinge,vegetable,24,0.5,0.3,4.5,0.8,1 bowl,100,low,,yes,,,,
dhundul,03_0021,"Sponge gourd, raw",ধুন্দুল,shponge gourd|sponge gooord|sponghe gourd|sponge gourd|dhoondul|dhundul,vegetable,24,0.9,0.2,4.3,1.1,1 bowl,100,low,,yes,,,,
chalkumra,03_0015,"Ash gourd, raw",চালকুমড়া,chaal kumra|chal khumra|chal koomra|chhal kumra|aash gourd|ash ghourd|ash gooord|ashh gourd|chaalkumra|chal kumra|chalkhumra|chalkoomra|chhalkumra|ash gourd|cal kumra|chalkumra|as gourd|calkumra,vegetable,10,0.4,0.1,1.0,1.7,1 bowl,100,low,,yes,,,,
mistikumra_boiled,03_0043,"Pumpkin, boiled (without salt)",মিষ্টি কুমড়া,meesti kumra|mishti kumra|misti khumra|misti koomra|misti kumraa|meestikumra|mishtikumra|misti kumra|mistikhumra|mistikoomra|mistikumraa|mysti kumra|mistikumra|mystikumra|poompkin|pumpkeen|pumpkhin|pumpkin|pumpkyn|khumra|koomra|kumraa|kumra,vegetable,29,2.2,0.5,2.1,3.8,1 bowl,100,medium,,yes,,,,
badhakopi_boiled,03_0034,"Cabbage, boiled (without salt)",বাঁধাকপি,baandhakopi|bandhakhopi|bandhakopee|baadhakopi|badhakhopi|badhakopee|bandhakopi|bandhakopy|badhakopi|badhakopy|caabbage|cabbaghe|chabbage|cabbage,vegetable,27,1.7,0.4,2.9,2.8,1 bowl,100,low,,yes,,,,
fulkopi_boiled,03_0036,"Cauliflower, boiled (without salt)",ফুলকপি,caauliflower|caooliflower|cauleeflower|chauliflower|cauliflower|caulyflower|phoolkopi|phulkhopi|phulkopee|foolkopi|fulkhopi|fulkopee|phulkopi|phulkopy|fulkopi|fulkopy,vegetable,28,2.7,0.3,2.7,2.1,1 bowl,100,low,,yes,,,,
gajor_boiled,03_0035,"Carrot, boiled (without salt)",গাজর,caarrot|charrot|carrot|gaajar|gaajor|ghajar|ghajor|gajar|gajor|gazar|gazor,vegetable,43,1.1,0.3,7.3,3.1,1 bowl,100,medium,,yes,,,,
gajor_raw,03_0008,"Carrot, raw",কাঁচা গাজর,kaacha gajor|kacha ghajor|kachha gajor|khacha gajor|kacha gajor|kacha gazor|raaw carrot|raw charrot|kaca gajor|raw carrot,vegetable,34,0.9,0.3,6.0,2.6,1 medium,80,medium,,yes,,,,
mula_boiled,03_0044,"Radish, boiled (without salt)",মুলা,raadish|radeesh|radishh|radish|radysh|moola|moolo|mulaa|radis|mula|mulo,vegetable,24,1.2,0.1,3.3,2.1,1 bowl,100,low,,yes,,,,
shalgom,03_0032,"Turnip, raw",শালগম,shaalgam|shaalgom|shalgham|shalghom|shhalgam|shhalgom|shalgam|shalgom|toornip|turneep|salgam|salgom|turnip|turnyp,vegetable,26,1.1,0.2,4.1,1.8,1 bowl,100,low,,yes,,,,
borboti_boiled,03_0037,"Cowpea, boiled (without salt)",বরবটি,long beaan|longh bean|long bean|borbaati|borbatee|borbotee|borbati|borbaty|borboti|borboty|chowpea|cowpeaa|cowpea,vegetable,40,3.1,0.4,3.0,6.3,1 bowl,100,low,,yes,,,,
shim,03_0003,"Bean, seeds and pods, raw",শিম,shheem|beaan|sheem|shhim|bean|seem|shim|shym|sim,vegetable,29,2.4,0.1,2.5,4.3,1 bowl,100,low,,yes,,,,
motorshuti,03_0026,"Peas, green, raw",মটরশুঁটি,motor shhuti|motor shooti|motor shutee|ghreen peas|green peaas|green peash|motor shuti|motor shuty|motorshhuti|motorshooti|motorshutee|green peas|motor suti|motorshuti|motorshuty|grin peas|motorsuti,vegetable,91,7.0,0.4,12.5,5.1,1 bowl,100,low,,yes,,,,
kancha_kola_boiled,03_0042,"Plantain, boiled (without salt)",কাঁচা কলা,kaancha kola|kanchha kola|khancha kola|kaacha kola|kachha kola|kancha kola|khacha kola|kacha kola|kanca kola|kaca kola|plaantain|plantaeen|plantain|plantayn,vegetable,76,1.9,0.3,15.2,2.3,1 piece,100,medium,,yes,,,,
kancha_pepe_boiled,03_0041,"Papaya, unripe, boiled (without salt)",কাঁচা পেঁপে,ghreen papaya|green paapaya|green papaia|green papaya|kaancha pepe|kanchha pepe|khancha pepe|grin papaya|kaacha pepe|kachha pepe|kancha pepe|khacha pepe|kacha pepe|kanca pepe|kaca pepe,vegetable,32,0.8,0.1,6.1,1.6,1 bowl,100,low,,yes,,,,
paka_tomato,03_0031,"Tomato, red, ripe, raw",পাকা টমেটো,paaka tomato|pakha tomato|paka tomato|tomaato|tomato,vegetable,16,1.1,0.2,1.4,1.7,1 medium,80,low,,yes,,,,
kancha_tomato,03_0030,"Tomato, green, raw",কাঁচা টমেটো,kaancha tomato|kanchha tomato|khancha tomato|ghreen tomato|green tomaato|kancha tomato|green tomato|kanca tomato|grin tomato,vegetable,23,1.9,0.2,2.5,1.7,1 medium,80,low,,yes,,,,
shosha,03_0012,"Cucumber, peeled, raw",শসা,chucumber|coocumber|cucumber|shhosha|shoshaa|kheera|khhira|khiraa|shhosa|shosaa|shosha|khira|khyra|shosa|sosha|kira|sosa,vegetable,17,0.8,0.1,2.9,0.7,1 medium,100,low,,yes,,,,
piaj,03_0024,"Onion, raw",পেঁয়াজ,oneeon|peyaaj|onion|onyon|peeaj|peiaj|peyaj|peyaz|piaaj|piaj|piaz|pyaj,vegetable,59,1.4,0.1,12.2,1.9,1 medium,60,medium,,yes,,,,
rosun,03_0014,"Garlic, raw",রসুন,gaarlic|garleec|garlich|gharlic|roshhun|roshoon|garlic|garlyc|roshun|rosoon|rosun,vegetable,147,6.9,0.6,27.6,2.1,3 cloves,10,low,,yes,,,,
kancha_morich,03_0010,"Chilli, green, with seeds, raw",কাঁচা মরিচ,kaancha morich|kancha moreech|kanchha morich|khancha morich|ghreen chilli|green cheelli|green chhilli|kaacha morich|kacha moreech|kachha morich|kancha morich|kancha morych|khacha morich|green chilli|green chylli|kacha morich|kacha morych|kanca morich|green cilli|grin chilli|kaca morich,vegetable,45,2.8,0.1,5.9,4.7,2 pieces,10,low,,yes,,,,
sajna_data,03_0013,"Drumstick, pods, raw",সজনে ডাটা,saajna data|shajna data|shojne data|sojne daata|droomstick|drumshtick|drumsteeck|drumstichk|drumstickh|sajna data|sazna data|sojne data|sozne data|drumstick|drumstyck,vegetable,43,2.9,0.2,5.1,4.8,1 bowl,100,low,,yes,,,,
beet,03_0004,"Beet root, red, raw",বিট,beetroot|beetrut|bitroot|beet|bit,vegetable,46,2.0,0.1,7.9,2.8,1 bowl,100,medium,,yes,,,,
data_shobji,03_0001,"Amaranth, stem, raw",ডাটা,aamaranth stem|amaranth shtem|amaranth stem|daata shobji|data shhobji|data shobjee|data shobji|data shobjy|data shobzi|data sobji|daata|data,vegetable,21,0.9,0.1,3.7,1.2,1 bowl,100,low,,yes,,,,
palong_shak_boiled,04_0035,"Spinach, boiled (without salt)",পালং শাক,paalong shak|palong shakh|palong shhak|palongh shak|paalon shak|paalongshak|palon shakh|palon shhak|palong shak|palonghshak|palongshakh|palongshhak|palon shak|palong sak|palongshak|palon sak|palongsak|shpinach|speenach|spinaach|spinachh|paalong|palongh|spinach|spynach|palong|spinac,leafy vegetable,47,5.4,0.9,1.6,5.3,1 bowl,100,low,kidney_caution,yes,,,,
lal_shak_boiled,04_0032,"Red amaranth leaves, boiled (without salt)",লাল শাক,red aamaranth|red amaranth|laal shaak|lal shaakh|lal shhaak|laal shak|lal shaak|lal shakh|lal shhak|laalshak|lal saak|lal shak|lalshakh|lalshhak|lal sak|lalshak|lalsak,leafy vegetable,37,5.3,0.4,0.6,5.0,1 bowl,100,low,,yes,,,,
data_shak_boiled,04_0033,"Green amaranth leaves, boiled (without salt)",ডাটা শাক,shobuj data shak|sobooj data shak|sobuj daata shak|sobuj data shakh|ghreen amaranth|green aamaranth|sobuj data shak|sobuz data shak|green amaranth|sobuj data sak|grin amaranth|daata shak|data shakh|data shhak|data shak|data sak,leafy vegetable,30,2.3,0.3,1.7,5.1,1 bowl,100,low,,yes,,,,
notay_shak_boiled,04_0034,"Slender amaranth leaves, boiled (without salt)",নটে শাক,notaay shak|notay shakh|notay shhak|notai shak|notay shak|note shaak|note shakh|note shhak|notay sak|note shak|note sak|notaay|notai|notay,leafy vegetable,55,4.8,0.6,5.1,5.1,1 bowl,100,low,,yes,,,,
pui_shak_boiled,04_0036,"Indian spinach, boiled (without salt)",পুঁই শাক,eendian spinach|indiaan spinach|indian shpinach|indian spinachh|indian spinach|yndian spinach|indian spinac|pooin shak|pueen shak|puin shaak|puin shakh|puin shhak|pooi shak|puee shak|pui shaak|pui shakh|pui shhak|puin shak|puyn shak|pui shak|puin sak|puy shak|pui sak,leafy vegetable,33,3.1,0.4,2.8,2.9,1 bowl,100,low,,yes,,,,
lau_shak,04_0010,"Bottle gourd leaves, raw",লাউ শাক,laau shaak|laoo shaak|lau shaakh|lau shhaak|laau shak|laoo shak|lau shaak|lau shakh|lau shhak|lau saak|lau shak|lau sak,leafy vegetable,26,2.5,0.6,0.6,4.4,1 bowl,100,low,,yes,,,,
kolmi_shak,04_0030,"Water spinach, raw",কলমি শাক,waater spinach|water shpinach|water speenach|water spinachh|water spinach|water spynach|kholmee shak|kolmee shaak|kolmee shhak|water spinac|kholmi shak|kolmee shak|kolmi shaak|kolmi shhak|kolmee sak|kolmi shak|kolmy shak|kolmi sak,leafy vegetable,43,1.9,0.4,6.0,3.7,1 bowl,100,low,,yes,,,,
pat_shak,04_0021,"Jute leaves, raw",পাট শাক,joote leaves|jute leaaves|jute leabhes|jute leavesh|jute leaves|zute leaves|paaat shak|paat shakh|paat shhak|paat shak|pat shakh|pat shhak|paat sak|pat shak|pat sak,leafy vegetable,32,2.9,0.3,1.7,5.8,1 bowl,100,low,,yes,,,,
mula_shak,04_0023,"Radish leaves, raw",মুলা শাক,raadish leaves|radeesh leaves|radish leabhes|radishh leaves|radish leaves|radysh leaves|radis leaves|moola shak|moolo shak|mula shakh|mula shhak|mulaa shak|mulo shaak|mulo shakh|mulo shhak|mula shak|mulo shak|mula sak|mulo sak,leafy vegetable,32,1.8,0.7,3.4,2.6,1 bowl,100,low,,yes,,,,
sajna_pata,04_0017,"Drumstick leaves, raw",সজনে পাতা,moreenga leaves|moringa leabhes|moringa leavesh|moringaa leaves|moringha leaves|moringa leaves|morynga leaves|saajna pata|shajna pata|shojne pata|sojne paata|sajna pata|sazna pata|sojne pata|sozne pata,leafy vegetable,72,6.7,1.8,4.6,5.2,1 bowl,100,low,,yes,,,,
kochu_shak,04_0014,"Colocasia leaves, green, raw",কচু শাক,khochu shaak|kochhu shaak|kochoo shaak|kochu shaaak|kochu shhaak|taaro leaves|taro leabhes|taro leavesh|khochu shak|kochhu shak|kochoo shak|kochu shaak|kochu shhak|taro leaves|kochu saak|kochu shak|kocu shaak|kochu sak|kocu shak,leafy vegetable,51,4.0,1.1,4.4,3.7,1 bowl,100,low,kidney_caution,yes,,,,
methi_shak,04_0019,"Fenugreek leaves, raw",মেথি শাক,fenoogreek leaves|fenughreek leaves|fenugreek leaaves|fenugreek leabhes|fenugreek leavesh|fenugreekh leaves|fenugreek leaves|fenugrik leaves|methee shak|methi shaak|methi shakh|methi shhak|methi shak|methy shak|methi sak|methee|methi|methy,leafy vegetable,50,4.4,0.9,5.0,2.1,1 bowl,100,low,,yes,,,,
kumra_shak,04_0022,"Pumpkin leaves, raw",কুমড়া শাক,meesti kumra shak|mishti kumra shak|misti khumra shak|misti koomra shak|misti kumraa shak|misti kumra shak|mysti kumra shak|misti kumra sak|khumra shak|koomra shak|kumra shhak|kumraa shak|kumra shak|kumra sak,leafy vegetable,29,2.4,0.4,2.8,2.1,1 bowl,100,low,,yes,,,,
misti_alu_shak,04_0026,"Sweet potato leaves, raw",মিষ্টি আলু শাক,shweet potato leaves|sweet potaato leaves|sweet potato leabhes|sweet potato leaves|swit potato leaves|meesti alu shak|mishti alu shak|misti aalu shak|misti aloo shak|misti alu shakh|misti alu shak|mysti alu shak|misti alu sak,leafy vegetable,45,4.0,0.8,1.8,7.3,1 bowl,100,low,,yes,,,,
borboti_pata,04_0015,"Cowpea leaves, raw",বরবটি পাতা,chowpea leaves|cowpea leabhes|cowpea leavesh|cowpeaa leaves|borbotee pata|borboti paata|cowpea leaves|borboti pata|borboty pata,leafy vegetable,34,3.4,0.7,1.7,3.6,1 bowl,100,low,,yes,,,,
helencha_shak,04_0031,"Watercress, raw",হেলেঞ্চা শাক,helencha shakh|helencha shhak|helenchaa shak|helenchha shak|helencha shak|helenca shak|helencha sak|waatercress|waterchress|watercreshs|watercress|helenchaa|helenchha|helencha|helenca,leafy vegetable,49,2.0,0.5,8.8,0.5,1 bowl,100,low,,yes,,,,
bok_ful_shak,04_0001,"Agathi leaves, raw",বক ফুল শাক,bok fool shak|bok ful shaak|bok ful shhak|bokh ful shak|bok ful shak|bok ful sak|aagathi|agathee|aghathi|agathi|agathy,leafy vegetable,88,8.4,1.8,5.7,7.9,1 bowl,100,low,,yes,,,,
kanta_notay,04_0003,"Spiney amaranth leaves, raw",কাঁটা নটে শাক,kaanta notay shak|kanta notay shhak|khanta notay shak|kanta notai shak|kanta notay shak|kanta notay sak|kaata notay|khata notay|kata notai|kata notay,leafy vegetable,51,4.8,0.3,5.2,4.4,1 bowl,100,low,,yes,,,,
korola_shak,04_0009,"Bitter gourd leaves, raw",করলা শাক,beetter gourd leaves|bitter ghourd leaves|bitter gooord leaves|bitter gourd leaaves|bitter gourd leabhes|bitter gourd leavesh|bitter gourd leaves|bytter gourd leaves|khorola shak|korola shhak|korolaa shak|korola shak|korola sak,leafy vegetable,55,4.9,0.5,6.1,3.1,1 bowl,100,low,,yes,,,,
simei_alu_shak,04_0012,"Cassava leaves, raw",শিমুল আলু শাক,caassava leaves|cashsava leaves|cassabha leaves|chassava leaves|seemei alu shak|shimei alu shak|simei aalu shak|simei aloo shak|simei alu shakh|cassava leaves|simei alu shak|symei alu shak|simei alu sak,leafy vegetable,62,4.7,1.2,5.7,4.8,1 bowl,100,low,,yes,,,,
alu_boiled,05_0012,"Potato, Diamond, boiled (without salt)",আলু,ghol alu|gol aalu|gol aloo|gholalu|gol alu|golaalu|golaloo|potaato|golalu|potato|aallu|aaloo|alloo|aalu|allu|aloo|alu,starchy root,67,1.2,0.2,14.2,2.1,1 medium,120,high,diabetes_caution,yes,,,,
alu_mash,05_0021,Potato mash (with salt),আলু ভর্তা,potaato mash|potato mashh|aalu bhorta|aloo bhorta|potato mash|aalu vorta|aloo vorta|alu bhorta|potato mas|alu vorta,starchy root,84,1.4,0.8,16.6,2.5,1 bowl,100,high,diabetes_caution,yes,,,,
alu_raw,05_0005,"Potato, Diamond, raw",কাঁচা আলু,raaw potato|kaacha alu|kacha aloo|kachha alu|khacha alu|raw potato|kacha alu|kaca alu,starchy root,66,1.2,0.2,14.0,2.1,1 medium,120,high,diabetes_caution,yes,,,,
misti_alu_boiled,05_0013,"Sweet potato, pale-yellow flesh, boiled",মিষ্টি আলু,shweet potato|sweet potaato|sweet potato|meeshti alu|mishhti alu|mishti aalu|mishti aloo|swit potato|meesti alu|meetha alu|mishti alu|misti aalu|misti aloo|mitha aloo|mithaa alu|myshti alu|meestialu|mishtialu|misti alu|mistiaalu|mistialoo|mitha alu|mysti alu|mytha alu|mistialu|mystialu,starchy root,106,0.9,0.3,23.4,3.0,1 medium,130,medium,,yes,,,,
misti_alu_komola,05_0016,"Sweet potato, orange flesh, boiled",কমলা মিষ্টি আলু,oraange sweet potato|orange shweet potato|oranghe sweet potato|orange sweet potato|orange swit potato|khomola misti alu|komola meesti alu|komola mishti alu|komola misti aloo|komolaa misti alu|komola misti alu|komola mysti alu,starchy root,98,0.9,0.3,21.4,3.0,1 medium,130,medium,,yes,,,,
kochur_mukhi_boiled,05_0011,"Colocasia/Taro, boiled (without salt)",কচুর মুখী,khochur mukhi|kochhur mukhi|kochoor mukhi|kochur mukhee|kochur mukhi|kochur mukhy|kochur muki|kocur mukhi|khochu|kochhu|kochoo|kochu|taaro|kocu|taro,starchy root,115,2.5,0.2,23.6,4.6,1 bowl,100,medium,kidney_caution,yes,,,,
dudh_kochu_boiled,05_0017,"Taro/Tannia cormel, boiled (without salt)",দুধ কচু,doodh kochu|dudh khochu|dudh kochhu|dood kochu|dud khochu|dud kochhu|dudh kochu|dud kochu|dudh kocu|dud kocu,starchy root,113,2.4,0.2,23.1,4.6,1 bowl,100,medium,kidney_caution,yes,,,,
ole_kochu_boiled,05_0018,"Elephant foot yam, boiled (without salt)",ওল কচু,elephaant foot|elephant foot|elephant fut|ole khochu|ole kochhu|ole kochoo|ol khochu|ol kochhu|ol kochoo|ole kochu|ol kochu|ole kocu|ol kocu,starchy root,83,1.3,0.1,16.9,4.6,1 bowl,100,medium,kidney_caution,yes,,,,
mann_kochu_boiled,05_0019,"Giant taro, boiled (without salt)",মান কচু,geeant taro|ghiant taro|giaant taro|maann kochu|mann khochu|mann kochhu|mann kochoo|giant taro|gyant taro|maan kochu|man khochu|man kochhu|man kochoo|mann kochu|man kochu|mann kocu|man kocu,starchy root,92,1.6,0.2,18.6,4.6,1 bowl,100,medium,kidney_caution,yes,,,,
chal_br11,01_0013,"Rice, BR-11, parboiled, milled, raw",চাল বিআর-১১,br-11 reece|br-11 riche|br-11 rice|br-11 ryce|br11 chaal|br11 chhal|br11 chal|br11 cal,cereal,345,7.9,0.3,76.1,3.4,1 cup,180,high,diabetes_caution,yes,,,,
chal_br16,01_0014,"Rice, BR-16, parboiled, milled, raw",চাল বিআর-১৬,br-16 reece|br-16 riche|br-16 rice|br-16 ryce|br16 chaal|br16 chhal|br16 chal|br16 cal,cereal,346,6.2,0.3,77.9,3.4,1 cup,180,high,diabetes_caution,yes,,,,
chal_br26,01_0015,"Rice, BR-26, parboiled, milled, raw",চাল বিআর-২৬,br-26 reece|br-26 riche|br-26 rice|br-26 ryce|br26 chaal|br26 chhal|br26 chal|br26 cal,cereal,346,8.4,0.4,75.5,3.4,1 cup,180,high,diabetes_caution,yes,,,,
chal_br3,01_0016,"Rice, BR-3, parboiled, milled, raw",চাল বিআর-৩,br-3 reece|br-3 riche|br-3 rice|br-3 ryce|br3 chaal|br3 chhal|br3 chal|br3 cal,cereal,344,7.1,0.2,76.8,3.4,1 cup,180,high,diabetes_caution,yes,,,,
chal_brri30,01_0017,"Rice, BRRI Dhan-30, parboiled, milled, raw",ব্রি ধান-৩০,brree dhan 30|brri dhaan 30|brri dhan 30|brry dhan 30|brree30|brri30|brry30,cereal,349,6.9,0.3,77.9,3.4,1 cup,180,high,diabetes_caution,yes,,,,
chal_brri40,01_0018,"Rice, BRRI Dhan-40, parboiled, milled, raw",ব্রি ধান-৪০,brree dhan 40|brri dhaan 40|brri dhan 40|brry dhan 40|brree40|brri40|brry40,cereal,349,7.0,0.3,77.9,3.4,1 cup,180,high,diabetes_caution,yes,,,,
chal_lal_raw,01_0021,"Rice, brown, parboiled, milled, raw",লাল চাল,brown reece raw|brown rice raaw|brown riche raw|brown rice raw|brown ryce raw|laal chal|lal chhal|lal chal|lal cal,cereal,350,7.8,2.4,72.3,3.8,1 cup,180,medium,,yes,,,,
chal_dheki_raw,01_0020,"Rice, brown, parboiled, home-pounded, raw",ঢেঁকিছাঁটা চাল,dhekee chata chal|dhekhi chata chal|dheki chaata chal|dheki chhata chal|dheki chata chal|dheky chata chal|dheki cata chal|dhekeechata|dhekhichata|dhekichaata|dhekichhata|dhekichata|dhekychata|dhekicata,cereal,348,7.6,2.3,72.4,3.8,1 cup,180,medium,,yes,,,,
bhat_dheki_boiled,01_0038,"Rice, brown, home-pounded, boiled",ঢেঁকিছাঁটা ভাত,dhekee chata bhat|dhekhi chata bhat|dheki chaata bhat|dheki chhata bhat|dheki chata bhat|dheky chata bhat|dheki cata bhat|dheki chata vat|dhekee bhat|dhekhi bhat|dheki bhaat|dheki bhat|dheky bhat|dheki vat,cereal,112,2.4,0.7,23.2,1.2,1 plate,250,medium,,yes,,,,
chal_atop_raw,01_0025,"Rice, white, sunned, polished, milled, raw",আতপ চাল,aatop chal|aatop rice|atop chhal|atop reece|atop riche|atop chal|atop rice|atop ryce|atop cal,cereal,345,6.6,0.3,77.4,3.1,1 cup,180,high,diabetes_caution,yes,,,,
chal_sugondhi_raw,01_0024,"Rice, white, sunned, aromatic, raw",সুগন্ধি চাল,shugondhi chal|soogondhi chal|sughondhi chal|sugondhee chal|sugondhi chaal|sugondhi chhal|sugondhi chal|sugondhy chal|sugondhi cal|polaao chal|polao chhal|polao chal|polao cal,cereal,343,6.7,0.7,76.1,3.1,1 cup,180,high,diabetes_caution,yes,,,,
ata_packet,01_0031,"Wheat flour, white (packet)",প্যাকেট আটা,paacket ata|pachket ata|packhet ata|wheete atta|white aatta|packet ata|white atta|whyte atta,cereal,347,10.6,1.6,70.3,4.4,1 cup,120,medium,,yes,,,,
bhutta_atta,01_0004,"Maize/corn flour, whole, white",ভুট্টার আটা,bhootta atta|bhuttaa atta|bhutta atta|chorn flour|corn flooor|vootta atta|vuttaa atta|corn flour|vutta atta,cereal,355,6.9,3.9,69.6,7.3,1 cup,120,medium,,yes,,,,
bhutta_shukna,01_0005,"Maize/corn, yellow, dried, raw",শুকনা ভুট্টা,shhukna bhutta|shookna bhutta|shukhna bhutta|shuknaa bhutta|shukna bhutta|shukna vutta|sukna bhutta|dreeed corn|dried chorn|dried corn|dryed corn,cereal,344,9.9,3.4,64.7,7.3,1 cup,120,medium,,yes,,,,
kaon,01_0006,"Millet, Foxtail, raw",কাউন,foxtaail millet|foxtaeel millet|foxtail millet|foxtayl millet|kaaon|kaaun|kaoon|khaon|khaun|kaon|kaun,cereal,344,10.4,4.3,61.7,8.5,1 cup,100,medium,,yes,,,,
cheena,01_0007,"Millet, Proso, whole-grain, raw",চীনা,prosho millet|proso meellet|proso millet|proso myllet|cheenaa|chheena|cheena|chhina|chinaa|ceena|china|chyna|cina,cereal,341,11.2,4.2,60.3,8.5,1 cup,100,medium,,yes,,,,
bajra,01_0008,"Pearl millet, whole-grain, raw",বাজরা,peaarl millet|pearl meellet|pearl millet|pearl myllet|baajra|bajra|bazra,cereal,349,10.1,5.0,61.4,8.8,1 cup,100,medium,,yes,,,,
jowar,01_0027,"Sorghum, raw",জোয়ার,jowaar dana|jowar dana|zowar dana|shorghum|sorghhum|sorghoom|sorghum|jowaar|sorgum|jowar|zowar,cereal,350,10.1,3.3,66.9,6.3,1 cup,100,medium,,yes,,,,
chola_shukna,02_0002,"Bengal gram, whole, dried, raw",শুকনা ছোলা,dry cheeckpea|dry chhickpea|dry chickhpea|dry chickpeaa|kaabuli chola|kabooli chola|kabulee chola|kabuli chhola|khabuli chola|shhukna chola|shookna chola|shukhna chola|shukna chhola|shuknaa chola|dri chickpea|dry chickpea|dry chyckpea|kabuli chola|kabuly chola|shukna chola|dry cickpea|kabuli cola|shukna cola|sukna chola,pulse,350,20.4,6.0,44.8,17.4,1 cup,100,low,,yes,,,,
mashkalai_asto,02_0003,"Black gram, dehulled, dried, raw",আস্ত মাসকলাই,whole blaack gram|whole blachk gram|whole black ghram|whole blackh gram|whole black gram|aasto mashkalai|ashto mashkalai|asto mashkalaee|asto mashkhalai|asto mashkalai|asto mashkalay|asto maskalai,pulse,317,22.3,1.7,45.1,16.3,1 cup,100,low,,yes,,,,
mungkalai,02_0006,"Green gram, whole, dried, raw",মুগকলাই,whole moongh|whole moong|moog kalai|moongkalai|mug kaalai|mug kalaee|mug khalai|mugh kalai|munghkalai|mungkaalai|mungkalaee|mungkhalai|whole mung|mug kalai|mug kalay|mungkalai|mungkalay,pulse,318,23.7,1.3,44.8,16.3,1 cup,100,low,,yes,,,,
khesari_raw,02_0007,"Grass pea, split, dried, raw",কাঁচা খেসারি ডাল,kaacha khesari|kacha khesaree|kacha kheshari|kachha khesari|khacha khesari|kacha khesari|kacha khesary|dry khesaari|dry khesaree|dry kheshari|dry khhesari|kaca khesari|kacha kesari|dri khesari|dry khesari|dry khesary|dry kesari,pulse,352,28.4,0.9,56.5,2.2,1 cup,100,low,,yes,,,,
motor_raw,02_0009,"Pea, dried, raw",শুকনা মটর,shhukna motor|shookna motor|shukhna motor|shuknaa motor|shukna motor|sukna motor|dry peaa|dri pea|dry pea,pulse,327,22.1,2.1,48.3,13.0,1 cup,100,low,,yes,,,,
begun_raw,03_0005,"Brinjal, purple, long, raw",কাঁচা বেগুন,kaacha begun|kacha beghun|kacha begoon|kachha begun|khacha begun|raaw brinjal|raw breenjal|kacha begun|raw brinjal|raw brinzal|raw brynjal|kaca begun,vegetable,24,1.9,0.1,2.0,4.1,1 medium,100,low,,yes,,,,
korola_raw,03_0016,"Bitter gourd, raw",কাঁচা করলা,raaw bitter gourd|raw beetter gourd|raw bitter ghourd|raw bitter gooord|raw bitter gourd|raw bytter gourd|kaacha korola|kachha korola|khacha korola|kacha korola|kaca korola,vegetable,31,2.1,0.3,3.6,2.6,1 bowl,100,low,,yes,,,,
potol_raw,03_0018,"Pointed gourd, raw",কাঁচা পটল,kaacha potol|kachha potol|khacha potol|kacha potol|kaca potol|raaw potol|raw potol,vegetable,24,2.0,0.3,2.2,2.2,1 bowl,100,low,,yes,,,,
kakrol_raw,03_0022,"Teasle gourd, raw",কাঁচা কাঁকরোল,kaacha kakrol|kachha kakrol|khacha kakrol|kacha kakrol|kaca kakrol|raaw kakrol|raw khakrol|raw kakrol,vegetable,61,1.9,0.5,11.8,1.1,1 bowl,100,medium,,yes,,,,
dheros_raw,03_0023,"Okra, raw",কাঁচা ঢেঁড়স,kaacha dheros|kacha dherosh|kachha dheros|khacha dheros|kacha dheros|kaca dheros|raaw okra|raw okhra|raw okra,vegetable,39,2.1,0.2,5.7,3.1,1 bowl,100,low,,yes,,,,
badhakopi_raw,03_0007,"Cabbage, raw",কাঁচা বাঁধাকপি,kaacha badhakopi|kacha badhakopee|kachha badhakopi|khacha badhakopi|kacha badhakopi|kacha badhakopy|kaca badhakopi|raaw cabbage|raw cabbaghe|raw chabbage|raw cabbage,vegetable,24,1.5,0.3,2.6,2.5,1 bowl,100,low,,yes,,,,
fulkopi_raw,03_0009,"Cauliflower, raw",কাঁচা ফুলকপি,raaw cauliflower|raw caooliflower|raw cauleeflower|raw chauliflower|raw cauliflower|raw caulyflower|kaacha fulkopi|kacha foolkopi|kacha fulkopee|kachha fulkopi|khacha fulkopi|kacha fulkopi|kacha fulkopy|kaca fulkopi,vegetable,27,2.6,0.3,2.5,2.0,1 bowl,100,low,,yes,,,,
mula_raw,03_0029,"Radish, raw",কাঁচা মুলা,kaacha mula|kacha moola|kachha mula|khacha mula|raaw radish|raw radeesh|raw radishh|kacha mula|raw radish|raw radysh|kaca mula|raw radis,vegetable,18,0.9,0.1,2.5,1.6,1 bowl,100,low,,yes,,,,
mistikumra_raw,03_0028,"Pumpkin, raw",কাঁচা মিষ্টি কুমড়া,kaacha misti kumra|kacha meesti kumra|kacha mishti kumra|kacha misti koomra|kachha misti kumra|khacha misti kumra|kacha misti kumra|kacha mysti kumra|kaca misti kumra|raaw pumpkin|raw poompkin|raw pumpkeen|raw pumpkhin|raw pumpkin|raw pumpkyn,vegetable,18,1.4,0.3,1.3,2.4,1 bowl,100,low,,yes,,,,
borboti_raw,03_0011,"Cowpea, pods and seeds, raw",কাঁচা বরবটি,kaacha borboti|kacha borbotee|kachha borboti|khacha borboti|kacha borboti|kacha borboty|kaca borboti|raaw cowpea|raw chowpea|raw cowpea,vegetable,39,3.0,0.4,2.8,6.0,1 bowl,100,low,,yes,,,,
kancha_kola_raw,03_0027,"Plantain, raw",কাঁচা কলা (কাঁচা),raaw kancha kola|raw kanchha kola|raw khancha kola|raw kancha kola|raw kanca kola|raaw plantain|raw plantaeen|raw plantain|raw plantayn,vegetable,77,2.0,0.3,15.5,2.3,1 piece,100,medium,,yes,,,,
kancha_pepe_raw,03_0025,"Papaya, unripe, raw",কাঁচা পেঁপে (কাঁচা),raaw green papaya|raw ghreen papaya|raaw kancha pepe|raw green papaia|raw green papaya|raw kanchha pepe|raw khancha pepe|raw grin papaya|raw kancha pepe|raw kanca pepe,vegetable,30,0.8,0.1,5.7,1.5,1 bowl,100,low,,yes,,,,
paka_tomato_boiled,03_0045,"Tomato, red, ripe, boiled (without salt)",সিদ্ধ টমেটো,boeeled tomato|boiled tomaato|seeddho tomato|shiddho tomato|siddho tomaato|boiled tomato|boyled tomato|siddho tomato|syddho tomato,vegetable,30,2.1,0.5,2.7,3.1,1 bowl,100,low,,yes,,,,
shim_scarlet,03_0002,"Bean, scarlet runner, raw",শিম (রানার),scaarlet bean|scharlet bean|shcarlet bean|roonner shim|runner sheem|runner shhim|scarlet bean|runner shim|runner shym|runner sim,vegetable,54,3.9,0.1,8.3,2.0,1 bowl,100,low,,yes,,,,
makhon_shim,03_0006,"Broad beans, raw",মাখন শিম,bootter bean|butter beaan|maakhon shim|makhhon shim|makhon sheem|makhon shhim|broaad bean|butter bean|makhon shim|makhon shym|broad bean|makhon sim|makon shim,vegetable,50,4.5,0.6,4.5,4.2,1 bowl,100,low,,yes,,,,
palong_shak_raw,04_0025,"Spinach, raw",কাঁচা পালং শাক,kaacha palong shak|kacha palong shhak|kacha palongh shak|kachha palong shak|khacha palong shak|kacha palong shak|kaca palong shak|kacha palong sak|raaw spinach|raw shpinach|raw speenach|raw spinachh|raw spinach|raw spynach|raw spinac,leafy vegetable,26,3.0,0.5,0.9,2.9,1 bowl,100,low,kidney_caution,yes,,,,
lal_shak_raw,04_0004,"Red amaranth leaves, raw",কাঁচা লাল শাক,kaacha lal shak|kacha lal shhak|kachha lal shak|khacha lal shak|kacha lal shak|kaca lal shak|kacha lal sak|raaw lal shak|raw lal shakh|raw lal shhak|raw lal shak|raw lal sak,leafy vegetable,32,4.5,0.3,0.5,4.2,1 bowl,100,low,,yes,,,,
data_shak_raw,04_0005,"Green amaranth leaves, raw",কাঁচা ডাটা শাক,kaacha data shak|kacha data shhak|kachha data shak|khacha data shak|kacha data shak|kaca data shak|kacha data sak|raaw data shak|raw data shakh|raw data shhak|raw data shak|raw data sak,leafy vegetable,25,2.0,0.3,1.5,4.4,1 bowl,100,low,,yes,,,,
notay_shak_raw,04_0024,"Slender amaranth leaves, raw",কাঁচা নটে শাক,kaacha notay shak|kacha notay shhak|kachha notay shak|khacha notay shak|kacha notai shak|kacha notay shak|kaca notay shak|kacha notay sak|raaw notay|raw notai|raw notay,leafy vegetable,47,4.1,0.5,4.3,4.4,1 bowl,100,low,,yes,,,,
pui_shak_raw,04_0020,"Indian spinach, raw",কাঁচা পুঁই শাক,kaacha pui shak|kacha pooi shak|kacha puee shak|kacha pui shhak|kachha pui shak|khacha pui shak|kacha pui shak|kacha puy shak|kaca pui shak|kacha pui sak|raaw pui shak|raw pooi shak|raw puee shak|raw pui shakh|raw pui shhak|raw pui shak|raw puy shak|raw pui sak,leafy vegetable,25,2.4,0.3,2.1,2.2,1 bowl,100,low,,yes,,,,
chukai_shak,04_0006,"Dock leaves, raw",চুকাই শাক,chhukai shak|chookai shak|chukaai shak|chukaee shak|chukai shhak|chukhai shak|dochk leaves|dock leaaves|dock leabhes|dock leavesh|dockh leaves|chhuka shak|chooka shak|chuka shhak|chukaa shak|chukai shak|chukay shak|chukha shak|dock leaves|chuka shak|chukai sak|cukai shak|chuka sak|cuka shak,leafy vegetable,46,3.1,0.7,5.9,1.8,1 bowl,100,low,,yes,,,,
beet_shak,04_0007,"Beet greens, raw",বিট শাক,beet ghreens|beet greensh|beet greens|beet shaak|beet shakh|beet shhak|bit greens|beet shak|beet sak|bit shak,leafy vegetable,31,2.8,0.5,2.1,3.7,1 bowl,100,low,,yes,,,,
bat_baitta_shak,04_0008,"Bengal dayflower leaves, raw",বাত বাইত্তা শাক,baat baitta shak|bat baeetta shak|bat baitta shakh|bat baitta shhak|bat baitta shak|bat baytta shak|bat baitta sak|baaitta shak|baeetta shak|baitta shakh|baitta shhak|baitta shak|baytta shak|baitta sak,leafy vegetable,22,2.0,0.3,2.2,1.4,1 bowl,100,low,,yes,,,,
sabarang,04_0011,"Bugleweed, raw",সাবারাং,boogleweed|bughleweed|bugleweed|saabarang|sabarangh|shabarang|buglewid|sabarang,leafy vegetable,43,2.6,1.3,4.6,1.3,1 bowl,100,low,,yes,,,,
kalo_kochu_shak,04_0013,"Colocasia leaves, black, raw",কালো কচু শাক,blaack kochu shak|blachk kochu shak|black kochoo shak|black kochu shhak|blackh kochu shak|black kochu shak|kaalo kochu shak|kalo kochhu shak|kalo kochoo shak|kalo kochu shhak|khalo kochu shak|black kochu sak|black kocu shak|kalo kochu shak|kalo kochu sak|kalo kocu shak,leafy vegetable,62,5.6,1.2,5.3,3.7,1 bowl,100,low,kidney_caution,yes,,,,
dima_shak,04_0016,"Dima leaves, raw",ডিমা শাক,deema shak|dima shakh|dima shhak|dimaa shak|dima shak|dyma shak|dima sak|deema|dimaa|dima|dyma,leafy vegetable,33,1.7,1.0,3.6,1.0,1 bowl,100,low,,yes,,,,
dheki_shak,04_0018,"Fern leaves, raw",ঢেঁকি শাক,dhekee shak|dhekhi shak|dheki shaak|dheki shhak|dheki shak|dheky shak|fern shaak|fern shakh|fern shhak|dheki sak|fern shak|fern sak,leafy vegetable,68,1.3,0.6,13.7,1.0,1 bowl,100,medium,,yes,,,,
misti_alu_shak_sp4,04_0027,"Sweet potato leaves, SP4, dark green, raw",মিষ্টি আলু শাক (SP4),meesti alu shak sp4|mishti alu shak sp4|misti aalu shak sp4|misti aloo shak sp4|misti alu shakh sp4|misti alu shak sp4|mysti alu shak sp4|misti alu sak sp4,leafy vegetable,45,3.9,0.4,2.8,7.7,1 bowl,100,low,,yes,,,,
misti_alu_shak_sp7,04_0028,"Sweet potato leaves, SP7, dark green, raw",মিষ্টি আলু শাক (SP7),meesti alu shak sp7|mishti alu shak sp7|misti aalu shak sp7|misti aloo shak sp7|misti alu shakh sp7|misti alu shak sp7|mysti alu shak sp7|misti alu sak sp7,leafy vegetable,45,4.9,0.3,1.2,8.5,1 bowl,100,low,,yes,,,,
misti_alu_shak_sp8,04_0029,"Sweet potato leaves, SP8, light green, raw",মিষ্টি আলু শাক (SP8),meesti alu shak sp8|mishti alu shak sp8|misti aalu shak sp8|misti aloo shak sp8|misti alu shakh sp8|misti alu shak sp8|mysti alu shak sp8|misti alu sak sp8,leafy vegetable,50,3.6,0.4,3.9,8.0,1 bowl,100,low,,yes,,,,
kochur_mukhi_raw,05_0001,"Colocasia/Taro, corm, raw",কাঁচা কচুর মুখী,kaacha kochur mukhi|kacha kochoor mukhi|kacha kochur mukhee|kachha kochur mukhi|khacha kochur mukhi|kacha kochur mukhi|kacha kochur mukhy|kaca kochur mukhi|kacha kochur muki|raaw taro|raw taro,starchy root,103,2.2,0.2,21.0,4.1,1 bowl,100,medium,kidney_caution,yes,,,,
dudh_kochu_raw,05_0002,"Taro/Tannia cormel, raw",কাঁচা দুধ কচু,kaacha dudh kochu|kacha doodh kochu|kachha dudh kochu|khacha dudh kochu|kacha dudh kochu|kaca dudh kochu,starchy root,101,2.2,0.2,20.6,4.1,1 bowl,100,medium,kidney_caution,yes,,,,
ole_kochu_raw,05_0003,"Elephant foot yam, raw",কাঁচা ওল কচু,raaw elephant foot|raw elephant foot|kaacha ole kochu|kacha ole kochoo|kachha ole kochu|khacha ole kochu|raw elephant fut|kacha ole kochu|kaca ole kochu,starchy root,74,1.2,0.1,15.1,4.1,1 bowl,100,medium,kidney_caution,yes,,,,
mann_kochu_raw,05_0004,"Giant taro, corm, raw",কাঁচা মান কচু,kaacha mann kochu|kacha mann kochoo|kachha mann kochu|khacha mann kochu|kacha mann kochu|kaca mann kochu,starchy root,82,1.5,0.2,16.6,4.1,1 bowl,100,medium,kidney_caution,yes,,,,
misti_alu_raw,05_0007,"Sweet potato, pale-yellow flesh, raw",কাঁচা মিষ্টি আলু,raaw sweet potato|raw shweet potato|kaacha misti alu|kacha meesti alu|kacha mishti alu|kacha misti aloo|kachha misti alu|khacha misti alu|raw sweet potato|kacha misti alu|kacha mysti alu|raw swit potato|kaca misti alu,starchy root,105,0.9,0.3,23.1,3.0,1 medium,130,medium,,yes,,,,
misti_alu_komola_raw,05_0006,"Sweet potato, orange flesh, raw",কাঁচা কমলা মিষ্টি আলু,kaacha komola misti alu|kacha komola meesti alu|kacha komola mishti alu|kacha komola misti aloo|kachha komola misti alu|khacha komola misti alu|kacha komola misti alu|kacha komola mysti alu|kaca komola misti alu,starchy root,97,0.9,0.3,21.1,3.0,1 medium,130,medium,,yes,,,,
misti_alu_lal_raw,05_0008,"Sweet potato, purple skin, pale flesh, raw",লাল খোসা মিষ্টি আলু,laal khosa misti alu|lal khhosa misti alu|lal khosa meesti alu|lal khosa misti aloo|lal khosha misti alu|lal khosa misti alu|lal khosa mysti alu|lal kosa misti alu,starchy root,104,0.6,0.3,23.4,3.0,1 medium,130,medium,,yes,,,,
misti_alu_lal_boiled,05_0015,"Sweet potato, purple skin, pale flesh, boiled",সিদ্ধ লাল খোসা মিষ্টি আলু,seeddho lal khosa misti alu|shiddho lal khosa misti alu|siddho laal khosa misti alu|siddho lal khhosa misti alu|siddho lal khosa misti aloo|siddho lal khosa misti alu|syddho lal khosa misti alu|siddho lal kosa misti alu,starchy root,106,0.6,0.3,23.6,3.0,1 medium,130,medium,,yes,,,,
apel_khosa_chara,08_0001,"Apple, without skin, raw",আপেল,aapple|aapel|apple|apel,fruit,51,0.3,0.1,11.5,1.3,1 medium,130,medium,,yes,,,,
apel,08_0002,"Apple, with skin, raw",আপেল,aapel khosa soho|apel khhosa soho|apel khosha soho|apel khosa soho|apel kosa soho|aapple|aapel|apple|apel,fruit,62,0.3,0.2,13.5,2.4,1 medium,130,medium,,yes,,,,
nashpati,08_0003,"Asian pear, raw",নাশপাতি,naashpati|nashhpati|nashpatee|nashpati|nashpaty|naspati|peaar|pear,fruit,62,0.6,0.3,12.3,3.6,1 medium,150,medium,,yes,,,,
kola_sagar,08_0004,"Banana, Sagar, ripe, raw",কলা,shaagor kola|shaghor kola|shagor khola|shhagor kola|khola sagar|kola saghar|kola shagar|kolaa sagar|saagar kola|saagor kola|sagar khola|saghar kola|saghor kola|sagor khola|shagar kola|shagor kola|kola sagar|sagar kola|sagor kola|baanana|banana|kholaa|kolaaa|khola|khula|kolaa|koola|kulaa|kola|kula,fruit,95,1.3,0.8,19.2,2.6,1 medium,100,medium,,yes,,,,
madar,08_0005,"Breadfruit, raw",মাদার,breaadfruit|breadfrooit|breadfrueet|breadfruit|breadfruyt|maadar|madar,fruit,70,1.5,0.2,13.0,4.9,1 bowl,100,medium,,yes,,,,
nona_ata,08_0006,"Bullock's heart, ripe, raw",নোনা আতা,boollocks heart|bullochks heart|bullockhs heart|bullocks heaart|bullocksh heart|bullocks heart|nonaa ata|nona ata,fruit,81,1.4,0.2,15.7,5.2,1 medium,100,medium,,yes,,,,
kamranga,08_0007,"Carambola (star fruit), raw",কামরাঙ্গা,shtar fruit|staar fruit|star frooit|star frueet|star fruit|star fruyt|kaamranga|kamrangha|khamranga|kamranga,fruit,41,0.5,0.7,6.7,2.8,1 medium,100,low,,yes,,,,
atafol,08_0008,"Custard apple, raw",আতাফল,chustard apple|coostard apple|cushtard apple|custaard apple|custard apple|aatafol|atafol|aata|ata,fruit,85,1.8,0.3,16.6,4.4,1 medium,100,medium,,yes,,,,
khorma,08_0009,"Dates, dried",খোরমা,khejoor shukna|khejur shhukna|khejur shuknaa|khhejur shukna|khejur shukna|khezur shukna|dreeed dates|dried daates|dried datesh|kejur shukna|khejur sukna|dried dates|dryed dates|khhorma|khormaa|khorma|korma,fruit,301,2.2,0.6,67.5,8.3,3 pieces,30,high,diabetes_caution,yes,,,,
khejur,08_0010,"Dates, raw",খেজুর,khejoor|khhejur|daates|datesh|kaajur|kajoor|khajur|khejur|khezur|dates|kajur|kazur|kejur,fruit,150,1.2,0.4,33.4,4.1,3 pieces,50,high,diabetes_caution,yes,,,,
kodbel,08_0011,"Elephant apple, ripe, raw",কদবেল,khod bel|khodbel|kod bel|kodbel,fruit,64,3.1,0.4,10.3,3.5,1 medium,100,medium,,yes,,,,
amloki,08_0012,"Emblic (amla), raw",আমলকি,aamloki|amlokee|amlokhi|embleec|emblich|amloki|amloky|emblic|emblyc|aamla|amla,fruit,44,0.8,0.1,8.3,3.4,2 pieces,40,low,,yes,,,,
dumur,08_0013,"Fig, ripe, raw",ডুমুর,doomur|dumur|feeg|figh|fig|fyg,fruit,40,1.3,0.2,6.7,3.1,2 pieces,80,low,,yes,,,,
angur,08_0014,"Grapes, green, raw",আঙুর,aangoor|anghoor|ghrapes|graapes|grapesh|aangur|anghur|angoor|grapes|angur,fruit,94,0.5,0.6,20.2,2.9,1 bowl,100,high,diabetes_caution,yes,,,,
peyara,08_0015,"Guava, green, raw",পেয়ারা,peyaaraa|peeyara|peiaraa|peyaara|peyaraa|piyaara|ghuava|gooava|guaava|guabha|peaara|peiara|peyara|piiara|piyara|pyyara|guava|peara,fruit,63,1.0,0.5,10.9,5.4,1 medium,100,low,,yes,,,,
amra,08_0016,"Hog plum, raw",আমড়া,hog ploom|hogh plum|hog plum|aamrha|aamra|amrha|amra,fruit,51,1.1,0.8,8.9,1.6,1 medium,80,low,,yes,,,,
kathal,08_0017,"Jackfruit, ripe, raw",কাঁঠাল,jaackfruit|jachkfruit|jackfrooit|jackfrueet|jackhfruit|jackfruit|jackfruyt|zackfruit|kaanthal|kaathaal|khanthal|khathaal|kaathal|kanthal|kathaal|khathal|kaatal|kathal|khatal|katal,fruit,74,1.2,0.2,13.3,7.2,4 pieces,100,medium,,yes,,,,
kalojam,08_0018,"Jambolan (black plum), raw",কালোজাম,jaambolan|kaalo jam|khalo jam|jambolan|kaalojam|kalo jam|kalo zam|khalojam|zambolan|kalojam|kalozam|jaam|jam|zam,fruit,39,0.9,0.5,6.1,3.5,1 bowl,100,low,,yes,,,,
jamrul,08_0019,"Jambos (rose apple), raw",জামরুল,jaamrool|jaambos|jaamrul|jambosh|jamrool|zamrool|jambos|jamrul|zambos|zamrul,fruit,40,0.7,0.3,8.0,1.2,2 pieces,100,low,,yes,,,,
golapjam,08_0020,"Java apple, raw",গোলাপজাম,jaava apple|jabha apple|gholap jam|golaap jam|java apple|zava apple|gholapjam|golaapjam|golap jam|golap zam|golapjam|golapzam,fruit,35,0.7,0.2,6.9,1.6,2 pieces,100,low,,yes,,,,
boroi,08_0021,"Jujube, raw",বরই,joojube|boraai|boraee|boroee|jujube|zujube|borai|boray|boroi|boroy|khul|kool|kul,fruit,60,1.9,0.2,12.6,,1 bowl,100,medium,,yes,,,,
lebu,08_0022,"Lemon, Kagoji, raw",লেবু,kaagoji lebu|kaghoji lebu|kagojee lebu|kagoji leboo|khagoji lebu|kagoji lebu|kagojy lebu|kagozi lebu|leboo|lemon|lebu,fruit,56,0.8,1.0,10.2,1.3,1 piece,50,low,,yes,,,,
mushambee,08_0023,"Lime, sweet, raw",মুসাম্বি,shweet lime|sweet leeme|mooshambee|mushaambee|mushhambee|sweet lime|sweet lyme|mushambee|swit lime|moosambi|musaambi|musambee|mushambi|musambi|musamby,fruit,42,0.7,0.5,8.5,0.5,1 medium,100,low,,yes,,,,
lichu,08_0024,"Lychee, raw",লিচু,lychhee|leechi|leechu|lichee|lichhi|lichhu|lichoo|lychee|lichi|lichu|lycee|lychi|lychu|lici|licu,fruit,62,1.4,0.5,10.2,5.5,6 pieces,100,medium,,yes,,,,
aam_fazli,08_0025,"Mango, Fazli, ripe, raw",আম (ফজলি),faazli mango|fazlee mango|fazli mangho|fajli mango|fazli mango|fazly mango|aaam fazli|aam fazlee|faazli aam|fazlee aam|aam fajli|aam fazli|aam fazly|fajli aam|fazli aam|fazly aam|am fazli|fazli am,fruit,70,0.9,0.5,14.7,1.6,1 bowl,150,medium,,yes,,,,
aam_langra,08_0026,"Mango, Langra, ripe, raw",আম (ল্যাংড়া),laangra mango|langhra mango|langra mango|laangra aam|langhra aam|laangra am|langhra am|langra aam|langra am|paaka aam|pakha aam|paka aam|paka am|maango|mangho|mango|aaam|aamm|aam|amm|am,fruit,82,0.8,0.4,18.0,1.6,1 bowl,150,medium,diabetes_caution,yes,,,,
futi,08_0027,"Melon, Futi, ripe, raw",ফুটি,phooti|phutee|footi|futee|melon|phuti|phuty|futi|futy,fruit,17,0.3,0.2,3.1,1.0,1 bowl,150,low,,yes,,,,
dewa,08_0028,"Monkey-jack, raw",ডেউয়া,monkey jaack|monkey jachk|monkhey jack|monkei jack|monkey jack|monkey zack|deooa|deuaa|dewaa|deua|dewa,fruit,103,1.2,0.7,21.1,3.6,1 bowl,100,medium,,yes,,,,
bangee,08_0029,"Muskmelon, Bangee, ripe, raw",বাঙ্গি,mooskmelon|mushkmelon|muskhmelon|muskmelon|baangee|banghee|baangi|bangee|banghi|bangi|bangy,fruit,16,0.3,0.2,2.8,0.8,1 bowl,150,low,,yes,,,,
komolar_ross,08_0030,"Orange juice, raw (unsweetened)",কমলার রস,khomolar ross|komolaar ross|komolar roshs|oraange juice|orange jooice|orange jueece|orange juiche|oranghe juice|komolar ross|orange juice|orange juyce|orange zuice,fruit,9,0.2,0.1,1.7,0.2,1 glass,200,medium,,yes,,,,
komola,08_0031,"Orange, raw",কমলা,khomola|komolaa|oraange|oranghe|khomla|komlaa|komola|orange|komla,fruit,44,0.7,0.2,8.7,2.4,1 medium,130,low,,yes,,,,
malta,08_0032,"Orange, sweet, ripe, raw",মাল্টা,shweet orange|sweet oraange|sweet oranghe|sweet orange|swit orange|maalta|moltaa|malta|molta,fruit,49,0.2,0.1,10.7,2.4,1 medium,130,low,,yes,,,,
taal_shas,08_0033,"Palmyra palm, cotyledon, raw",তালের শাঁস,khochi tal|kochee tal|kochhi tal|kochi taal|taaal shas|taal shhas|kochi tal|kochy tal|taal shas|koci tal|taal sas|taalshas|tal shas|talshhas|talshas|talsas,fruit,31,0.6,0.1,6.9,0.3,2 pieces,100,low,,yes,,,,
taal,08_0034,"Palmyra palm pulp, ripe, raw",তাল,paalmyra|palmira|palmyra|taaal|taal|tal,fruit,78,0.5,0.4,17.8,0.7,1 bowl,100,medium,,yes,,,,
pepe_paka,08_0035,"Papaya, ripe, raw",পাকা পেঁপে,paaka pepe|pakha pepe|pepe paaka|pepe pakha|paka pepe|pepe paka|paapaya|papaia|papaya|pepaay|paape|pepai|pepay|pape|pepe,fruit,33,0.6,0.1,6.5,1.7,1 bowl,150,medium,,yes,,,,
gab,08_0036,"Persimmon, ripe, raw",গাব,beelati gab|bilaati gab|bilati ghab|bilati gab|bylati gab|perseemmon|pershimmon|persimmon|persymmon|gaab|ghab|gab,fruit,67,0.7,0.2,13.9,3.6,1 medium,100,medium,,yes,,,,
anaros_joldugee,08_0037,"Pineapple, Joldugee, ripe, raw",আনারস (জলডুগি),aanaros joldugee|anaros joldoogee|anaros joldughee|anarosh joldugee|anaros joldugee|anaros zoldugee|joldoogi anaros|joldugee anaros|joldughi anaros|joldugi aanaros|joldugi anarosh|anaros joldugi|joldugi anaros|joldugy anaros|zoldugi anaros,fruit,43,0.8,0.4,8.3,1.4,1 bowl,100,medium,,yes,,,,
anaros,08_0038,"Pineapple, ripe, raw",আনারস,peeneapple|pineaapple|pineapple|pyneapple|aanarosh|aannaros|anaroshh|annarosh|aananas|aanaros|ananash|anarosh|annaros|ananas|anaros,fruit,47,1.0,0.1,9.7,1.4,1 bowl,100,medium,,yes,,,,
bedana,08_0039,"Pomegranate, ripe, raw",বেদানা,pomeghranate|pomegraanate|pomegranate|bedaana|bedana|daalim|daleem|aanar|dalim|dalym|anar,fruit,67,1.6,0.2,12.7,4.0,1 bowl,100,medium,,yes,,,,
zambura,08_0040,"Pomelo, raw",জাম্বুরা,baatabi lebu|batabee lebu|batabi leboo|batabi lebu|bataby lebu|jaambura|jamboora|zaambura|zamboora|jambura|zambura|pomelo,fruit,38,0.4,0.3,7.7,1.0,1 bowl,100,low,,yes,,,,
tetul,08_0041,"Tamarind pulp, ripe, raw",তেঁতুল,taamarind|tamareend|tamarind|tamarynd|tentool|tentul|tetool|tetul,fruit,270,3.2,0.4,60.8,5.1,2 tbsp,30,high,diabetes_caution,yes,,,,
tarmuz,08_0042,"Watermelon, ripe, raw",তরমুজ,waatermelon|watermelon|taarmuj|taarmuz|tarmooj|tarmooz|tormooj|tormooz|tarmuj|tarmuz|tormuj|tormuz,fruit,22,0.5,0.2,4.4,0.4,1 bowl,200,high,,yes,,,,
bel,08_0043,"Wood apple, ripe, raw",বেল,wood aapple|wood apple|wud apple|bel,fruit,111,2.9,0.3,20.9,7.0,1 bowl,100,medium,,yes,,,,
fesha_shutki,09_0001,"Anchovy, Gangetic hairfin, dried",ফেসা শুঁটকি,dreeed anchovy|dried aanchovy|dried anchhovy|dried anchobhy|dried anchovi|dried anchovy|dryed anchovy|fesha shootki|fesha shutkee|fesha shutkhi|feshaa shutki|feshha shutki|dried ancovy|fesha shutki|fesha shutky|fesa shutki|shhutki|shootki|shutkee|shutkhi|shutki|shutky|sutki,fish,328,70.9,4.9,0.0,0.0,1 bowl,50,low,hypertension_caution,yes,,,,
fesha,09_0002,"Anchovy, Gangetic hairfin, raw",ফেসা মাছ,fesha machh|feshaa mach|feshha mach|fesha mach|fesa mach|fesha mac|feshaa|feshha|fesha|fesa,fish,105,17.7,3.8,0.0,0.0,1 piece,75,low,,yes,,,,
olua,09_0003,"Anchovy, gold spotted grenadier, raw",ওলুয়া,olooa mach|olua machh|oluaa mach|olua mach|olua mac|olooa|oluaa|olua,fish,71,13.2,2.1,0.0,0.0,1 piece,75,low,,yes,,,,
fesha_teli,09_0004,"Anchovy, scaly hairfin, raw",তেলি ফেসা,fesha telee|feshaa teli|feshha teli|telee fesha|teli feshaa|teli feshha|fesha teli|fesha tely|teli fesha|tely fesha|fesa teli|teli fesa,fish,101,19.3,2.7,0.0,0.0,1 piece,75,low,,yes,,,,
sorpunti,09_0005,"Barb, olive, raw",সরপুঁটি,shhorputi|shorpooti|shorpunti|shorputee|sorpoonti|sorpuntee|shorputi|shorputy|sorpunti|sorpunty|sorputi|poonti|puntee|punti|punty,fish,175,17.4,11.7,0.0,0.0,1 piece,75,low,,yes,,,,
sorpunti_kata_chara,09_0006,"Barb, olive, without bones, raw",সরপুঁটি (কাঁটা ছাড়া),shorpunti kata chara|sorpoonti kata chara|sorpuntee kata chara|sorpunti kaata chara|sorpunti kata chhara|sorpunti khata chara|sorpunti kata chara|sorpunty kata chara|sorpunti kata cara,fish,175,17.4,11.7,0.0,0.0,1 piece,75,low,,yes,,,,
punti,09_0007,"Barb, pool barb, raw",পুঁটি,bhadi punti|vaadi punti|vadee punti|vadi poonti|pool baarb|vadi punti|vady punti|pool barb|pul barb|poonti|puntee|pooti|punti|punty|putee|puti|puty,fish,139,17.6,7.6,0.0,0.0,1 bowl,75,low,,yes,,,,
punti_kata_chara,09_0008,"Barb, pool barb, without bones, raw",পুঁটি (কাঁটা ছাড়া),poonti kata chara|puntee kata chara|punti kaata chara|punti kata chhara|punti khata chara|punti kata chara|punty kata chara|punti kata cara,fish,94,17.6,2.6,0.0,0.0,1 bowl,75,low,,yes,,,,
bata_mach,09_0009,"Bata, raw",বাটা মাছ,baata mach|bata machh|bata mach|bata mac|baata|bata,fish,106,15.9,4.7,0.0,0.0,1 piece,75,low,,yes,,,,
boal,09_0010,"Boal, without bones, raw",বোয়াল,boaal mach|boal machh|boal mach|boal mac|boaal|boal,fish,80,15.4,2.1,0.0,0.0,1 piece,75,low,,yes,,,,
foli,09_0011,"Bronze featherback, raw",ফলি,feaatherback|featherbachk|featherbackh|featherback|folee mach|foli maach|foli machh|foli mach|foly mach|foli mac|folee|foli|foly,fish,80,17.8,1.0,0.0,0.0,1 piece,75,low,,yes,,,,
kalbaush,09_0012,"Calbasu, without bones, raw",কালবাউশ,kaalibaush|kaleebaush|kalibaoosh|kalibaushh|khalibaush|kaalbaush|kalbaoosh|kalbaushh|kalibaush|kalybaush|khalbaush|caalbasu|calbashu|calbasoo|chalbasu|kalbaush|kalibaus|calbasu|kalbaus,fish,95,17.0,3.0,0.0,0.0,1 piece,75,low,,yes,,,,
bacha,09_0013,"Catfish, Bacha, raw",বাচা মাছ,baacha mach|bachha mach|bacha mach|baca mach|baacha|bachha|bacha|baca,fish,122,16.1,6.4,0.0,0.0,1 piece,75,low,,yes,,,,
pabda,09_0014,"Catfish, Pabda, raw",পাবদা,paabda mach|pabda machh|pabda mach|pabda mac|paabda|paapda|pabda|papda,fish,95,17.3,2.8,0.0,0.0,1 piece,75,low,,yes,,,,
katla,09_0015,"Catla, raw",কাতলা,kaatla mach|katla machh|khatla mach|katla mach|katla mac|kaaatla|khaatla|caatla|chatla|kaatla|kaatol|khatla|khatol|catla|katla|katol,fish,103,19.9,2.6,0.0,0.0,1 piece,75,low,,yes,,,,
chanda,09_0016,"Chanda, Indian glassy fish, raw",চান্দা মাছ,raanga chanda|ranga chhanda|rangha chanda|chaanda mach|chhanda mach|ranga chanda|chanda mach|ranga canda|canda mach|chaanda|chhanda|chanda|canda,fish,115,15.5,5.9,0.0,0.0,1 bowl,75,low,,yes,,,,
koi_deshi,09_0017,"Climbing perch, indigenous, raw",দেশি কই,chlimbing perch|cleembing perch|climbingh perch|climbing perch|clymbing perch|climbing perc|deshee koi|deshhi koi|deshi khoi|deshi koi|deshy koi|khoi mach|koee mach|koi maach|koi machh|desi koi|koi mach|koy mach|koi mac|kaai|kaee|khai|khoi|khoy|koee|kai|kay|koi|koy,fish,130,17.5,6.6,0.0,0.0,1 piece,75,low,,yes,,,,
koi_thai,09_0018,"Climbing perch, Thai, raw",থাই কই,khoi thai|koee thai|koi thaai|thaai koi|thaee koi|thai khoi|koi thai|koy thai|thai koi|thay koi,fish,139,17.5,7.7,0.0,0.0,1 piece,75,low,,yes,,,,
chital,09_0019,"Clown knife fish, without bones, raw",চিতল,cheetal mach|chhital mach|chitaal mach|chital mach|chytal mach|cital mach|cheetal|cheetol|chhital|chhitol|chitaal|chital|chitol|chytal|chytol|cital|citol,fish,96,17.8,2.8,0.0,0.0,1 piece,75,low,,yes,,,,
common_carp,09_0020,"Common carp, without bones, raw",কমন কার্প,chommon carp|common caarp|common carp|caarp|charp|carp,fish,88,18.7,1.5,0.0,0.0,1 piece,75,low,,yes,,,,
poa,09_0021,"Croaker, black spotted, without bones, raw",পোয়া মাছ,poa machh|poaa mach|chroaker|croaaker|croakher|poa mach|croaker|poa mac|poaa|poa,fish,100,18.6,2.9,0.0,0.0,1 piece,75,low,,yes,,,,
tengra,09_0022,"Day's mystus, raw",টেংরা,tenghra mach|tengra machh|tengraa mach|tengra mach|tengra mac|taangra|tanghra|tengdaa|tenghda|tenghra|tengraa|tangra|tengda|tengra,fish,114,18.2,4.6,0.0,0.0,1 bowl,75,low,,yes,,,,
macher_gada,09_0023,"Fish (Catla, Mrigal, Rohu), dorsal, raw",মাছের গাদা,maacher gada|macher ghada|machher gada|macher gada|macer gada|gaada|ghada|gada,fish,104,19.7,2.8,0.0,0.0,1 piece,75,low,,yes,,,,
macher_peti,09_0024,"Fish (Catla, Mrigal, Rohu), ventral, raw",মাছের পেটি,maacher peti|macher petee|machher peti|macher peti|macher pety|macer peti|petee|peti|pety,fish,130,21.4,4.9,0.0,0.0,1 piece,75,low,,yes,,,,
kachki,09_0025,"Ganges river sprat, raw",কাচকি,kaachki mach|kachhki mach|kachkee mach|khachki mach|kachki mach|kachky mach|kacki mach|kaachki|kachhki|kachkee|khachki|kachki|kachky|kacki,fish,93,16.1,3.2,0.0,0.0,1 bowl,75,low,,yes,,,,
kajuli,09_0026,"Gangetic ailia, raw",কাজুলি,kaajoli|kaajuli|kajolee|kajooli|kajulee|khajoli|khajuli|kajoli|kajoly|kajuli|kajuly|kazoli|kazuli,fish,117,15.3,6.2,0.0,0.0,1 piece,75,low,,yes,,,,
gulsha,09_0027,"Gangetic mystus, raw",গুলশা,ghulsha tengra|goolsha tengra|gulshaa tengra|gulshha tengra|gulsha tengra|gulsa tengra|ghulsha|goolsha|gulshaa|gulshha|ghulsa|goolsa|gulsaa|gulsha|gulsa,fish,86,15.4,2.7,0.0,0.0,1 bowl,75,low,,yes,,,,
guizza,09_0028,"Giant river catfish, raw",গুইজ্জা,ghuizza|gooizza|gueezza|guizzaa|ghujia|goojia|guijza|guizza|gujeea|gujiaa|guyzza|gujia|gujya|guzia|aair|aeer|air|ayr,fish,75,15.9,1.3,0.0,0.0,1 piece,75,low,,yes,,,,
vetkee_shutki,09_0029,"Giant sea perch, whole, dried",ভেটকি শুঁটকি,bhetkee shutki|vetkee shhutki|vetkee shootki|vetkee shutkee|vetkhee shutki|bhetki shutki|vetkee shutki|vetkee shutky|vetkhi shutki|vetki shhutki|vetki shootki|vetkee sutki|vetki shutki|vetky shutki|vetki sutki,fish,318,60.2,8.6,0.0,0.0,1 bowl,50,low,hypertension_caution,yes,,,,
vetkee,09_0030,"Giant sea perch, without bones, raw",ভেটকি,bhetkee|bhetkhi|vetkhee|bhetki|bhetky|vetkee|vetkhi|vetki|vetky,fish,96,18.6,2.5,0.0,0.0,1 piece,75,low,,yes,,,,
bele,09_0031,"Goby, tank goby, raw",বেলে মাছ,bele maach|bele machh|bele mach|bele mac|ghoby|bele|gobi|goby,fish,81,14.7,2.5,0.0,0.0,1 piece,75,low,,yes,,,,
khailsa,09_0032,"Gourami, banded, raw",খলিশা,khaalisha|khaleesha|khalishha|khhalisha|khhoilsha|khoeelsha|khoilshaa|khoilshha|khaailsa|khaeelsa|khailsha|khalisha|khalysha|khhailsa|khoilsha|khoylsha|kalisha|khailsa|khalisa|khaylsa|khoilsa|koilsha|kailsa,fish,105,15.8,4.6,0.0,0.0,1 bowl,75,low,,yes,,,,
ilish,09_0033,"Hilsha, without bones, raw",ইলিশ,paadma ilish|padma eelish|padma ilishh|eelish mach|eelsha mach|ilish maach|ilish machh|ilishh mach|ilsha machh|ilshaa mach|ilshha mach|padma ilish|padma ylish|ilish mach|ilsha mach|padma ilis|ylish mach|ylsha mach|ilis mach|ilish mac|ilsa mach|ilsha mac|eleesha|elishaa|elishha|heelsah|heelsha|hilsaah|hilshaa|hilshah|hilshha|eelish|eelsha|eleesh|elisha|elishh|elysha|heelsa|hilsaa|hilsah|hilsha|hylsah|hylsha|ilishh|ilshaa|ilshha|elisa|elish|elysh|hilsa|hylsa|ilish|ilsha|ylish|ylsha|elis|ilis|ilsa,fish,223,18.0,16.8,0.0,0.0,1 piece,75,low,,yes,,,,
chapila,09_0034,"Indian river shad, raw",চাপিলা,chaapila mach|chapeela mach|chhapila mach|chapila mach|chapyla mach|capila mach|chaapila|chapeela|chhapila|chapila|chapyla|capila,fish,106,15.4,4.9,0.0,0.0,1 bowl,75,low,,yes,,,,
lakkha,09_0035,"Indian threadfin, without bones, raw",লাক্ষা,threaadfin|threadfeen|threadfin|threadfyn|laakkha|laaksha|lakhkha|lakhsha|lakshha|lakkha|laksha|lakka|laksa,fish,100,20.3,2.1,0.0,0.0,1 piece,75,low,,yes,,,,
surma,09_0036,"Indo-Pacific king mackerel, without bones, raw",সুরমা,keeng mackerel|khing mackerel|king maackerel|king machkerel|kingh mackerel|king mackerel|kyng mackerel|beejoram|bijoraam|bijoram|bizoram|byjoram|shurma|soorma|surmaa|surma,fish,102,20.9,2.0,0.0,0.0,1 piece,75,low,,yes,,,,
gonia,09_0037,"Kuria labeo, without bones, raw",ঘনিয়া,khuria labeo|kooria labeo|kureea labeo|kuriaa labeo|kuria labeo|kurya labeo|ghaania|ghaneea|ghhania|ghania|ghanya|ghonia|goneea|goniaa|gania|gonia|gonya,fish,109,17.6,4.3,0.0,0.0,1 piece,75,low,,yes,,,,
ayre,09_0038,"Long-whiskered catfish, without bones, raw",আইড়,aaire mach|aeere mach|aire machh|aire mach|ayre mach|aire mac|aayre|aair|aeer|aire|ayre|air|ayr,fish,89,17.0,2.3,0.0,0.0,1 piece,75,low,,yes,,,,
chompa,09_0039,"Mackerel, narrow-barred Spanish, raw",চম্পা,shpanish mackerel|spaanish mackerel|spaneesh mackerel|spanish machkerel|spanish mackherel|spanish mackerel|spanysh mackerel|spanis mackerel|chaampa|chhampa|chhompa|chompaa|champa|chompa|campa|compa,fish,112,19.8,3.6,0.0,0.0,1 piece,75,low,,yes,,,,
chela,09_0040,"Minnow, finescale razorbelly, raw",চেলা,chelaa mach|chhela mach|chela mach|cela mach|foolchela|fulchelaa|fulchhela|fulchela|fulcela|chelaa|chhela|chela|cela,fish,95,15.3,3.7,0.0,0.0,1 bowl,75,low,,yes,,,,
chela_shukna,09_0041,"Minnow, finescale razorbelly, dried",চেলা শুঁটকি,chela shhukna|chela shhutki|chela shookna|chela shootki|chela shukhna|chela shutkee|chela shutkhi|chelaa shukna|chelaa shutki|chhela shukna|chhela shutki|chela shukna|chela shutki|chela shutky|cela shukna|cela shutki|chela sukna|chela sutki,fish,412,64.8,17.0,0.0,0.0,1 bowl,50,low,hypertension_caution,yes,,,,
chela_narkeli,09_0042,"Minnow, large scale razorbelly, raw",নারকেলি চেলা,chela narkelee|chela narkheli|chelaa narkeli|chhela narkeli|naarkeli chela|narkelee chela|narkeli chhela|narkheli chela|chela narkeli|chela narkely|narkeli chela|narkely chela|cela narkeli|narkeli cela,fish,119,18.1,5.2,0.0,0.0,1 bowl,75,low,,yes,,,,
mola,09_0043,"Mola carplet, whole, raw",মলা,mola machh|molaa mach|mola mach|mola mac|molaa|moaa|mola|moa,fish,108,17.1,4.4,0.0,0.0,1 bowl,75,low,,yes,,,,
mrigal,09_0044,"Mrigal carp, raw",মৃগেল,mreegal|mreegel|mrigaal|mrighal|mrighel|meerka|mirkaa|mirkha|mrigal|mrigel|mrygal|mrygel|mirka|myrka,fish,102,18.6,3.0,0.0,0.0,1 piece,75,low,,yes,,,,
parshe,09_0045,"Mullet, gold spot, raw",পারশে,moollet|paarshe|parshhe|mullet|paarse|parshe|parse,fish,120,18.7,5.0,0.0,0.0,1 piece,75,low,,yes,,,,
jhinuk,09_0046,"Mussel/clam, mixed species, raw",ঝিনুক,jheenuk mach|jhinook mach|jhinuk maach|jhinuk machh|jhinukh mach|jhinuk mach|jhynuk mach|zhinuk mach|jhinuk mac|jheenuk|jhinook|jhinukh|moossel|mushsel|jhinuk|jhynuk|mussel|zhinuk|chlam|claam|clam,fish,60,11.6,1.5,0.0,0.0,1 bowl,75,low,,yes,,,,
pangas,09_0047,"Pangas, without bones, raw",পাঙ্গাস,paangas mach|pangas machh|pangash mach|panghas mach|pangas mach|paangasius|pangas mac|pangaseeus|pangashius|pangasioos|panghasius|pangasius|pangasyus|paangash|pangashh|panghash|paangas|paangus|pangash|panghas|panghus|pangoos|pangush|pangas|pangus,fish,162,15.9,11.0,0.0,0.0,1 piece,75,low,,yes,,,,
meni,09_0048,"Perch, mud, raw",মেনি মাছ,menee mach|meni maach|meni machh|meni mach|meny mach|meni mac|bhedaa|bheda|menee|meni|meny|veda,fish,99,15.8,4.0,0.0,0.0,1 piece,75,low,,yes,,,,
rupchanda_kalo,09_0049,"Pomfret, black, raw",কালো রূপচাঁদা,kaalo rupchanda|kalo roopchanda|kalo rupchhanda|khalo rupchanda|blaack pomfret|blachk pomfret|blackh pomfret|kalo rupchanda|black pomfret|kalo rupcanda,fish,112,19.6,3.7,0.0,0.0,1 piece,75,low,,yes,,,,
rupchanda_china,09_0050,"Pomfret, Chinese silver, raw",চায়না রূপচাঁদা,cheena rupchanda|cheenese pomfret|chhina rupchanda|chhinese pomfret|china roopchanda|chinaa rupchanda|chineshe pomfret|china rupchanda|chinese pomfret|chyna rupchanda|chynese pomfret|cina rupchanda|cinese pomfret,fish,103,15.9,4.4,0.0,0.0,1 piece,75,low,,yes,,,,
rupchanda_shutki,09_0051,"Pomfret, silver, dried",রূপচাঁদা শুঁটকি,roopchanda shutki|rupchaanda shutki|rupchanda shhutki|rupchanda shutkee|rupchanda shutkhi|rupchhanda shutki|rupchanda shutki|rupchanda shutky|pomfret shhutki|pomfret shootki|pomfret shutkee|pomfret shutkhi|rupcanda shutki|rupchanda sutki|pomfret shutki|pomfret shutky|pomfret sutki,fish,349,62.1,11.2,0.0,0.0,1 bowl,50,low,hypertension_caution,yes,,,,
rupchanda,09_0052,"Pomfret, silver, without bones, raw",রূপচাঁদা,roopchanda|rupchaanda|rupchhanda|roopchada|rupchaada|rupchanda|rupchhada|rupcanda|rupchada|pomfret|rupcada,fish,108,17.9,4.0,0.0,0.0,1 piece,75,low,,yes,,,,
chingri_birma,09_0053,"Prawn, Birma river, raw",বার্মা নদীর চিংড়ি,beerma chingri|birma chhingri|birma chinghri|birmaa chingri|birma chingri|byrma chingri|birma cingri,fish,86,18.8,1.3,0.0,0.0,1 bowl,75,low,,yes,,,,
chingri_golda,09_0054,"Prawn, giant river (golda), raw",গলদা চিংড়ি,gholda chingri|golda cheengri|golda chhingri|goldaa chingri|golda chingri|golda chyngri|golda cingri|cheengdi|cheengri|cheengry|chhingdi|chhingri|chhingry|chinghdi|chinghri|chinghry|chingdi|chingri|chingry|chyngdi|chyngri|chyngry|cingdi|cingri|cingry|gholda|goldaa|praawn|eecha|golda|ichaa|ichha|prawn|icha|ycha|ica,fish,102,20.9,2.0,0.0,0.0,1 bowl,75,low,,yes,,,,
chingri_bagda,09_0055,"Prawn, giant tiger (bagda), raw",বাগদা চিংড়ি,baagda chingri|bagda cheengri|bagda chhingri|baghda chingri|bagda chingri|bagda chyngri|bagda cingri|teeger prawn|tiger praawn|tigher prawn|tiger prawn|tyger prawn|baagda|baghda|bagda,fish,92,16.5,2.9,0.0,0.0,1 bowl,75,low,,yes,,,,
chingri_hairy,09_0056,"Prawn, hairy river, raw",চিংড়ি,cheengri mach|chhingri mach|chinghri mach|chingri maach|chingri mach|chyngri mach|cingri mach|cheengri|chhingri|chinghri|chingri|chyngri|cingri|praawn|prawn,fish,75,17.6,0.6,0.0,0.0,1 bowl,75,low,,yes,,,,
chingri_sada,09_0057,"Prawn, Indian white, raw",সাদা চিংড়ি,saada chingri|sada cheengri|sada chhingri|sada chinghri|shada chingri|sada chingri|sada chyngri|wheete prawn|white praawn|sada cingri|white prawn|whyte prawn,fish,95,16.4,3.3,0.0,0.0,1 bowl,75,low,,yes,,,,
chingri_nodir,09_0058,"Prawn, monsoon river, raw",নদীর চিংড়ি,nodeer chingri|nodir chhingri|nodir chinghri|nodir chingri|nodyr chingri|nodir cingri|reever prawn|ribher prawn|river praawn|river prawn|ryver prawn,fish,79,18.2,0.7,0.0,0.0,1 bowl,75,low,,yes,,,,
rui_nodir,09_0059,"Rohu, river, raw",নদীর রুই,nodeer rui|nodir rooi|rooi nodir|ruee nodir|nodir rui|nodyr rui|rui nodir|ruy nodir,fish,90,16.6,2.7,0.0,0.0,1 piece,75,low,,yes,,,,
rui,09_0060,"Rohu, without bones, raw",রুই মাছ,rohoo fish|rohu feesh|rohu fishh|rohu fish|rohu fysh|rooi mach|ruee mach|rui maach|rui machh|rohu fis|rui mach|ruy mach|rui mac|roohee|rohoo|rooee|roohi|ruhee|rohu|rooi|ruee|ruhi|ruhy|rui|ruy,fish,105,20.6,2.6,0.0,0.0,1 piece,75,low,,yes,,,,
chingri_horina,09_0061,"Shrimp, speckled (horina), raw",হরিণা চিংড়ি,horeena chingri|horina chhingri|horina chinghri|horinaa chingri|horina chingri|horyna chingri|horina cingri|horeena|horinaa|horina|horyna,fish,81,17.0,1.4,0.0,0.0,1 bowl,75,low,,yes,,,,
silver_carp,09_0062,"Silver carp, without bones, raw",সিলভার কার্প,seelvar carp|seelver carp|shilvar carp|shilver carp|silbhar carp|silbher carp|silvaar carp|silvar charp|silver caarp|silver charp|silvar carp|silver carp|sylvar carp|sylver carp,fish,123,17.5,6.0,0.0,0.0,1 piece,75,low,,yes,,,,
kakila,09_0063,"Silver needle fish, raw",কাকিলা,needle feesh|needle fishh|needle fish|needle fysh|needle fis|nidle fish|kaaikka|kaakila|kaeekka|kakeela|khaikka|khakila|kaikka|kakila|kakyla|kaykka,fish,94,16.6,3.1,0.0,0.0,1 piece,75,low,,yes,,,,
taki,09_0064,"Spotted snakehead, raw",টাকি,shnakehead|snaakehead|snakhehead|taaki mach|takee mach|takhi mach|taki machh|snakehead|taki mach|taky mach|taki mac|taaki|takee|takhi|taki|taky,fish,91,17.3,2.4,0.0,0.0,1 piece,75,low,,yes,,,,
shing,09_0065,"Stinging catfish, raw",শিং মাছ,shtinging catfish|steenging catfish|stinghing catfish|stinging caatfish|stinging chatfish|stinging catfish|stynging catfish|stinging catfis|sheeng mach|shhing mach|shing maach|shing machh|shingh mach|shing mach|shyng mach|shing mac|sing mach|sheengi|shhingi|shinghi|seengh|seengi|sheeng|shhing|shingh|shingi|shyngi|singhh|singhi|shing|shyng|singh|singi|syngh|syngi|sing,fish,101,17.2,3.5,0.0,0.0,1 piece,75,low,,yes,,,,
tatkini,09_0066,"Stone roller, raw",তাতকিনি,taatkini mach|tatkeeni mach|tatkhini mach|tatkini machh|tatkini mach|tatkyni mach|tatkini mac|taatkini|tatkeeni|tatkhini|tatkini|tatkyni,fish,97,15.3,3.9,0.0,0.0,1 piece,75,low,,yes,,,,
shol,09_0067,"Striped snakehead, raw",শোল,shhol mach|shol maach|shol machh|shol mach|shol mac|sol mach|shhol|shole|shol|sole|sol,fish,101,17.7,3.3,0.0,0.0,1 piece,75,low,,yes,,,,
telapia,09_0068,"Tilapia, without bones, raw",তেলাপিয়া,telaapia mach|telapeea mach|telapia machh|telapia mach|telapya mach|telapia mac|teelapiya|tilaapiya|teelapia|telaapia|telapeea|tilaapia|tilapiia|tilapiya|tylapiya|telapia|telapya|tilapia|tylapia,fish,110,20.8,3.0,0.0,0.0,1 piece,75,low,,yes,,,,
tuna,09_0069,"Tuna, without bones, raw",টুনা,toona mach|tuna machh|tunaa mach|tuna mach|tuna mac|toona|tunaa|tuna,fish,118,25.0,2.0,0.0,0.0,1 piece,75,low,,yes,,,,
magur,09_0070,"Walking catfish, raw",মাগুর,waalking catfish|walkeeng catfish|walkhing catfish|walking catfishh|walking chatfish|walkingh catfish|walking catfish|walkyng catfish|walking catfis|maagur mach|maghur mach|magoor mach|magur machh|magur mach|magur mac|maaagur|maaghur|maagoor|maghoor|maagur|maghur|magoor|magur,fish,103,15.6,4.6,0.0,0.0,1 piece,75,low,,yes,,,,
kachki_vaja,09_0071,Small fish fry,কাচকি মাছ ভাজা,shmall fish fry|smaall fish fry|small feesh fry|small fish fri|small fish fry|small fysh fry|kaachki bhaja|kachhki bhaja|kachkee bhaja|khachki bhaja|small fis fry|kaachki vaja|kachhki vaja|kachkee vaja|kachki bhaja|kachki bhaza|kachky bhaja|khachki vaja|kachki vaja|kachki vaza|kachky vaja|kacki bhaja|kacki vaja,fish,107,7.4,6.1,5.3,0.9,1 bowl,75,low,,yes,,,,
macher_kopta,09_0072,Fish ball,মাছের কোপ্তা,maacher kopta|macher khopta|machher kopta|maacher bora|macher kopta|machher bora|macer kopta|macher bora|feesh ball|fish baall|fishh ball|macer bora|fish ball|fysh ball|fis ball,fish,220,15.7,6.7,21.7,5.0,3 pieces,75,low,,yes,,,,
